term,pos,comment,af,comment_af,ar,comment_ar,be,comment_be,bg,comment_bg,bn,comment_bn,ca,comment_ca,cs,comment_cs,da,comment_da,de,comment_de,el,comment_el,eo,comment_eo,es,comment_es,et,comment_et,fa,comment_fa,fi,comment_fi,fil,comment_fil,fr,comment_fr,gu,comment_gu,he,comment_he,hi,comment_hi,hr,comment_hr,hu,comment_hu,id,comment_id,is,comment_is,it,comment_it,ja,comment_ja,ka,comment_ka,km,comment_km,ko,comment_ko,ku,comment_ku,lt,comment_lt,lv,comment_lv,mk,comment_mk,ml,comment_ml,mn,comment_mn,mr,comment_mr,ms,comment_ms,my,comment_my,nl,comment_nl,no,comment_no,pl,comment_pl,pt_BR,comment_pt_BR,pt_PT,comment_pt_PT,ro,comment_ro,ru,comment_ru,si,comment_si,sk,comment_sk,sl,comment_sl,sq,comment_sq,sr,comment_sr,sv,comment_sv,ta,comment_ta,th_TH,comment_th_TH,tr,comment_tr,uk,comment_uk,ur,comment_ur,uz,comment_uz,vi,comment_vi,zh_CN,comment_zh_CN,zh_TW,comment_zh_TW
2FA,Noun,,,,التعريف الثنائي,,,,,,,,,,,,,,,,2FA,,,,A2F,autenticación de dos factores,,,,,,,,,,,,,,,,,,,2FA,,,,,,Autenticazione a 2 fattori,,,,,, ២FA,,,,,,2FA,,,,,,,,,,,,,,,,2FA,,,,,,,,2FA,,,,2-факторная авторизация,,,,,,,,,,,,2FA,,,,,,,,,,,,,,,,双重验证,,,
API,Noun,,,,,,,,,,,,,,,,,,,,API,,,,API,,,,,,,,,,,,,,,,,,,,,,API,,,,API,,,,,,API,,,,,,API,,,,,,,,,,,,,,,,,,,,,,,,,,,,,,,,,,,,,,,,,,,,,,,,,,,,,,,,,,,
ATM,Noun,,,,,,,,,,,,,,,,,,,,ATM,,,,cajero,,,,,,,,,,,,,,,,,,,,,,ATM,,,,ATM,,,,,,ATM,,,,,,ATM,,,,,,,,,,,,,,,,,,,,,,,,,,,,,,,,,,,,,,,,,,,,,,,,,,,,,,,,,,,
Bitcoin,Noun,Referring to the Bitcoin network or to the whole concept.,,,بت كوين,,,,,,,,,,,,,,,,"Bitcoin, δίκτυο",,,,Bitcoin,"Se refiere a la red Bitcoin o al concepto de Bitcoin como tal, pero no a la moneda como unidad.",,,بیت‌کوین,,,,,,Bitcoin,,,,ביטקוין,,,,Bitcoin,,Bitcoin,"Nagybetűvel, ha a rendszerre, hálózatra vagy magára az elképzelésre stb. utalunk.",,,,,Bitcoin,Si riferisce alla rete Bitcoin o l'intero concetto.,,,,,Bitcoin,,,,,,„Bitcoin“,,,,,,,,,,,,,,,,Bitcoin,,,,Bitcoin,,,,Bitcoin,Sistema de pagamento,,,Биткойн,,,,,,bitcoin,,,,,,Bitcoin,Syftar på Bitcoinnätverket eller hela begreppet.,பிட்காயின்,,,,,,Біткойн,,,,,,,,比特币,,,
Bitcoin Core,,,,,,,,,,,,,,,,,,,,,,,,,,,,,,,,,,,,,,,ליבת ביטקוין,,,,,,Bitcoin Core,,,,,,,,,,,,,,,,,,,,,,,,,,,,,,,,,,,,,,,,,,,,,,,,,,,,Bitcoin Core,,,,,,,,பிட்காயின் கோர்,,,,,,,,,,,,,,,,,
Bitcoin Core,Noun,,,,نواة بت كوين,,,,,,,,,,,,,,,,Προγραμματιστές Bitcoin,,,,núcleo de Bitcoin,"Es el centro, el núcleo de algo, su parte más importante",,,هسته بیت کوین,,,,,,,,,,גירסת בסיס של ביטקוין,,,,Bitcoin Core,,Bitcoin Core,,,,,,Bitcoin Core,,,,,,ស្នូលBitcoin,,,,,,„Bitcoin Core“,"Reiktų žiūrėti, kad nesidubliuotų kabutės.",,,,,,,,,,,,,,,,,,,,,,,Bitcoin Core,,,,Bitcoin Core,,,,,,Bitcoin Core,,,,,,Bitcoin Core,,பிட்காயின் கோர்,,,,,,,,,,,,,,比特币核心,,,
Bitcoin Foundation,Noun,,,,مؤسسة بت كوين,,,,,,,,Fundació Bitcoin,,,,,,,,Ίδρυση του Bitcoin,,,,Fundación Bitcoin,,,,بنیاد بیت کوین,,,,,,Fondation Bitcoin,,,,קרן ביטקוין,,,,Bitcoin fondacija,,Bitcoin Alapítvány,,,,,,Organizzazione Bitcoin,,,,,,មូលិធិBitcoin,,Bitcoin 재단,,,,„Bitcoin Foundation“,,,,,,ബിറ്റ്കോയിൻ സ്ഥാപനം,,,,,,,,,,Bitcoin Foundation,,,,Fundacja Bitcoin,,,,Fundação Bitcoin,,,,Bitcoin Foundation,,,,,,Fundacija Bitcoin,,,,,,Bitcoinstiftelsen,,பிட்காயின் நிறுவனம்,,,,Bitcoin Kurumu,,,,,,,,,,比特币基金会,,,
Bitcoin Wallet,Noun,,,,محفظة بت كوين,,,,,,,,,,,,,,,,Bitcoin πορτοφόλι,,,,monedero Bitcoin,,,,,,,,,,Portefeuille Bitcoin,,,,ארנק ביטקוין,,,,Bitcoin Novčanik,,Bitcoin Wallet,"Android app terméknév, nem szabad bántani.",Wallet Bitcoin,,,,Portafoglio Bitcoin,,,,,,កាបូបBitcoin,,,,,,Bitcoin Piniginė,,Bitcoin naudasmaks,,,,,,,,,,,,,,Bitcoin Wallet,Only use this for the app name!,,,Portfel Bitcoin,,,,Carteira Bitcoin,,,,биткойн-кошелек,,,,,,bitcoin denarnica,,,,,,Bitcoin Wallet,,பிட்காயின் வாலட்,,,,,,Біткойн Гаманець,,,,,,,,比特币钱包,,,
Bitcoin Wiki,Noun,,,,,,,,,,,,,,,,,,,,Bitcoin εγκυκλοπαίδεια,,,,,,,,,,,,,,,,,,,,,,,,Bitcoin Wiki,,,,,,Bitcoin Wiki,,,,,,,,,,,,„Bitcoin“ vikis,,,,,,,,,,,,,,,,,,,,,,,,Wiki Bitcoin,,,,,,,,,,,,,,,,Bitcoin Wiki,,பிட்காயின் விக்கி,,,,,,,,,,,,,,比特币维基,,,
Bitcoin address,Noun,,,, عنوان بت كوين ,,,,,,,,,,,,,,Bitcoin-Adresse,,Bitcoin διεύθυνση,,,,dirección de Bitcoin,,,,آدرس بیت‌کوین,,,,,,adresse Bitcoin,,,,כתובות ביטקוין,,,,Bitcoin adresa,,Bitcoin-címek,,,,,,indirizzo Bitcoin,,,,,,អាស្រយដ្ឋានBitcoin,,,,,,„Bitcoin“ adresas,,,,,,,,,,,,,,,,Bitcoin-adressen,,,,adres Bitcoin,,,,endereço Bitcoin,,,,биткойн-адрес,,,,,,bitcoin naslov,,,,,,Bitcoinadress,,பிட்காயின் முகவரி,,,,,,,,,,,,,,比特币地址,,,
Bitcoin economy,Noun,,,,اقتصاد بت كوين ,,,,,,,,,,,,,,,,Bitcoin οικονομία,,,,economía Bitcoin,,,,اقتصاد بیت کوین,,,,,,Économie Bitcoin,,,,,,,,Bitcoin ekonomija,,Bitcoin-gazdaság,,,,,,economia di Bitcoin,,,,,,សេដ្ឋកិច្ចBitcoin,,비트코인 경제,,,,Bitcoin ekonomika,,,,,,,,,,,,,,,,Bitcoin-economie,,,,,,,,economia Bitcoin,,,,биткойн-экономика,,,,,,,,,,,,Bitcoinekonomi,,பிட்காயின்  பொருளாதாரம்,,,,,,,,,,,,,,比特币生态,,,
Bitcoin miner,Noun,,,,منقب بت كوين,,,,,,,,,,,,,,,,Bitcoin miner,Αυτός που κάνει εξορύξεις bitcoin με μηχανήματα ,,,minero Bitcoin,,,,استخراج‌گر بیت کوین,,,,,,Mineur de Bitcoin,,,,כורה ביטקוין,,,,Bitcoin rudar,,bitcoinbányász,,penambang bitcoin,,,,minatore di Bitcoin,,,,,,អ្នករករ៉ែBitcoin,,비트코인 채굴자,,,,,,,,,,,,,,,,,,,,Bitcoin-miner,,,,górnik Bitcoin,,,,Mineiro de Bitcoins,,,,биткойн-майнер,,,,,,,,,,,,Bitcoinbrytare,,பிட்காயின் மைனர்,,,,,,,,,,,,,,比特币矿工,,,
Bitcoin mining,Noun,,,,تنقيب البت كوين,,,,,,,,,,,,,,,,Bitcoin εξόρυξη,,,,minero Bitcoin,Se refiere a la minería de datos,,,استخراج بیت کوین,,,,,,Extraction de Bitcoin,,,,כריית ביטקוין,,,,Bitcoin rudarenje,,bitcoinbányászat,"Elsőre furcsán hathat, de egybe kell írni a helyesírási szabályok szerint.",penambangan bitcoin,,,,mining di Bitcoin,,,,,,ការរករ៉ែBitcoin,,비트코인 채굴,,,,Bitkoinų kasimas,,,,,,,,,,,,,,,,Bitcoin-mining,,,,,,,,Exploração Bitcoin,,,,биткойн-майнинг,,,,,,,,,,,,Bitcoinbrytning,,பிட்காயின் மைனிங்,,,,,,,,,,,,,,比特币挖矿,,,
Bitcoin network,,,,,,,,,,,,,,,,,,,,,,,,,red Bitcoin,,,,,,,,,,,,,,ברשת ביטקוין,,,,,,,,,,,,rete di Bitcoin,,,,,,,,,,,,Bitkoino tinklas,,,,,,,,,,,,,,,,,,,,,,,,,,,,,,,,,,omrežje bitcoin,,,,,,,,பிட்காயின் வலையமைப்பு,,,,,,Мережа Біткойн,,,,,,,,,,,
Bitcoin network,Noun,,,,شبكة البت كوين,,,,,,,,,,,,,,Bitcoin-Netzwerk,,Bitcoin δίκτυο,,,,red Bitcoin,,,,شبکه بیت کوین,,,,,,réseau Bitcoin,,,,רשת ביטקוין,,,,Bitcoin mreža,,Bitcoin-hálózat,,jaringan bitcoin,,,,rete di Bitcoin,,,,,,បណ្តាញBitcoin,,비트코인 네트워크,,,,„Bitcoin“ tinklas,,,,,,,,,,,,,,,,Bitcoin-netwerk,,,,,,,,Rede Bitcoin,,,,сеть Биткойн,,,,,,omrežje bitcoin,,,,,,Bitcoinnätverket,,பிட்காயின் வலையமைப்பு,,,,,,Біткойн мережа,,,,,,,,比特币网络,,,
Bitcoin payments,Noun,,,, دفعات بت كوين ,,,,,,,,,,,,,,Bitcoin-Zahlungen,,Bitcoin πληρωμές,,,,pagos Bitcoin,,,,پرداخت بیت کوین‌ی,,,,,,paiements en bitcoin,,,,תשלומי ביטקוין,,,,Bitcoin plaćanja,,bitcoinutalások,Kontextustól függően.,pembayaran bitcoin,,,,pagamenti Bitcoin,,,,,,ការទូទាត់Bitcoin,,,,,,Bitkoinų mokėjimas,,Bitcoin maksājumi,,,,,,,,,,,,,,Bitcoin-betalingen,,,,,,,,Pagamentos Bitcoin,,,,биткойн-платежи,,,,,,,,,,,,Bitcoinbetalningar,,பிட்காயின் கட்டணம்,,,,,,Біткойн платежі,,,,,,,,比特币支付,,,
Bitcoin protocol,Noun,,,,برتوكول بت كوين ,,,,,,,,,,,,,,Bitcoin-Protokoll,,Bitcoin  πρωτόκολλο,,,,protocolo Bitcoin,,,,پروتکل بیت کوین,,,,,,protocole Bitcoin,,,,פרוטוקול ביטקוין,,,,Bitcoin protokol,,Bitcoin-protokoll,,,,,,protocollo Bitcoin,,,,,,ពិធីការBitcoin,,,,,,„Bitcoin“ protokolas,,,,,,,,,,,,,,,,Bitcoin-protocol,,,,,,,,Protocolo Bitcoin,,,,биткойн-протокол,,,,,,protokol bitcoin,,,,,,Bitcoinprotokollet,,பிட்காயின் நெறிமுறை,,,,,,Біткойн протокол,,,,,,,,比特币协议,,,
Bitcoin users,Noun,,,, مستعملو بت كوين,,,,,,,,,,,,,,Bitcoin-Nutzer,,Bitcoin χρήστες,,,,usuarios Bitcoin,,,,کاربر بیت کوین,,,,,,utilisateurs du bitcoin,,,,משתמשי ביטקוין,,,,Bitcoin korisnici,,Bitcoin-felhasználók,,pengguna bitcoin,,,,utenti Bitcoin,,,,,,អ្នកប្រើប្រាស់Bitcoin,,,,,,„Bitcoin“ naudotojai,,,,,,,,,,,,,,,,Bitcoin-gebruikers,,,,,,,,Utilizadores Bitcoin,,,,биткойн-пользователи,,,,,,uporabniki bitcoina,,,,,,Bitcoinanvändare,,பிட்காயின்  பயனர்கள்,,,,,,Біткойн користувачі,,,,,,,,比特币用户,,,
Bitcoin-Qt,Noun,,,,واجهة بت كوين,,,,,,,,,,,,,,,,Bitcoin-Qt,,,,,,,,,,,,,,,,,,,,,,Bitcoin-Qt,,Bitcoin-Qt,,,,,,Bitcoin-Qt,,,,,, Bitcoin-Qt ,,,,,,„Bitcoin-Qt“,,,,,,,,,,,,,,,,Bitcoin-Qt,,,,,,,,Qt Bitcoin,,,,Bitcoin Core,,,,,,,,,,,,Bitcoin-Qt,,பிட்காயின்-Qt,,,,,,Біткойн Qt,,,,,,,,Bitcoin-Qt,,,
Bitcoin.org,,,,,,,,,,,,,,,,,,,,,Bitcoin.org,,,,,,,,,,,,,,,,,,bitcoin.org,,,,,,Bitcoin.org,,,,,,Bitcoin.org,,,,,,,,,,,,,,,,,,,,,,,,,,,,,,,,,,,,,,,,,,,,,,,,,,,,,,Bitcoin.org,,,,,,,,,,,,,,,,,
Blockchain,,,,,,,,,,,,,,,,,,,,,,,,,cadena de bloques,,,,,,,,,,,,,,שרשרת הבלוקים,,,,,,,,,,,,Blockchain,,,,,,,,,,,,,,,,,,,,,,,,,,,,,,,,,,,,,,,,,,,,,,,,,,,,,,,,,,,,,,,,,,,,,,,
Channel,Noun,,,,فناة,,,,,,,,,,,,,,,,Κανάλι,,,,canal,,,,کانال,,,,,,Chaîne,,,,,,,,kanal,,,,,,,,Canale,,,,,,បុស្តិ៍,,,,,,Kanalas,,,,,,,,,,,,,,,,,,,,,,,,Canal,,,,,,,,,,,,,,,,Kanal,,,,,,,,,,,,,,,,,,,
Chat,Noun,,,,دردشة,,,,,,,,,,,,,,,,Συζητώ,,,,chat,,,,گفت و گو,,,,,,,,,,,,,,chat/čavrljanje,,,,,,,,Chat,,,,,,ជជែក,,,,,,Pokalbis,,,,,,,,,,,,,,,,Chat,,,,,,,,Conversa,,,,,,,,,,,,,,,,Chatt,,,,,,,,,,,,,,,,,,,
Check,Verb,,,,تحقق,,,,,,,,,,,,,,,,Ελέγχω,,,,revisar,,,,بررسی,,,,,,Vérifier,,,,,,,,,,,,,,,,Controllare,,,,,,ពិនិត្យ,,,,,,,,,,,,,,,,,,,,,,Controleren,,,,,,,,Validar,,,,,,,,,,,,,,,,Kontrollera,,,,,,,,,,,,,,,,,,,
Conference,Noun,,,,مؤتمر,,,,,,,,,,,,,,,,Διάσκεψη,,,,conferencia,,,,سخنرانی,,,,,,Conférence,,,,,,,,,,,,,,,,Conferenza,,,,,,សន្និសិទ,,,,,,konferencija,,,,,,,,,,,,,,,,,,,,,,,,Conferência,,,,,,,,,,,,,,,,Konferens,,,,,,,,,,,,,,,,,,,
Conferences,Noun,,,,مؤتمرات,,,,,,,,,,,,,,,,Διασκέψεις,,,,conferencias,,,,سخنرانی‌ها,,,,,,Conférences,,,,,,,,,,,,,,,,Conferenze,,,,,,សន្និសិទច្រើន,,,,,,,,,,,,,,,,,,,,,,,,,,,,,,Conferências,,,,,,,,,,,,,,,,Konferenser,,,,,,,,,,,,,,,,,,,
Confused,Adjective,,,,,,,,,,,,,,,,,,,,Μπερδεμένος,,,,,,,,,,,,,,,,,,,,,,,,,,,,,,Confuso,,,,,,បានច្រឡំ,,,,,,Sutrikęs,,,,,,,,,,,,,,,,,,,,,,,,,,,,,,,,,,,,,,,,,,,,,,,,,,,,,,,,,,,
Development,Noun,,,,,,,,,,,,,,,,,,,,,,,,desarrollo,,,,توسعه,,,,,,Dévelopement,,,,,,,,Razvoj,,,,,,,,sviluppo,,,,,,ការអភិវឌ្ឍន៍,,,,,,,,,,,,,,,,,,,,,,Ontwikkeling,,,,,,,,,,,,,,,,,,,,,,,,Utveckling,,,,,,,,,,,,,,,,,,,
Discloses,Verb,,,,كشف عن,,,,,,,,,,,,,,,,,,,,revelados de información,revelados/divulgados,,,,,,,,,Révéler,,,,,,,,,,,,,,,,Rilevare,,,,,,បង្ហាញ,,,,,,,,,,,,,,,,,,,,,,,,,,,,,,,,,,,,,,,,,,,,,,,,,,,,,,,,,,,,,,,,,
Download,Verb,,,,حمل,,,,,,,,,,,,,,,,,,,,descarga,,,,,,,,,,Télécharger,,,,,,,,,,,,,,,,Download,,,,,,,,,,,,,,,,,,,,,,,,,,,,,,,,,,,,Descarregar,,,,,,,,,,,,,,,,Ladda ner,,,,,,,,,,,,,,,,下载,,,
Economy,Noun,,,,الإقتصاد,,,,,,,,,,,,,,,,,,,,economía,,,,اقتصاد,,,,,,Économie,,,,,,,,,,,,,,,,Economia,,,,,,សេដ្ឋកិច្ច,,,,,,ekonomika,,,,,,,,,,,,,,,,Economie,,,,,,,,Economia,,,,,,,,,,,,,,,,Ekonomi,,,,,,,,,,,,,,,,,,,
General,Adverb,,,,,,,,,,,,,,,,,,,,,,,,general,,,,,,,,,,,,,,,,,,Općeniti,,,,,,,,Generalmente,,,,,,ជាទូទៅ,,,,,,,,,,,,,,,,,,,,,,,,,,,,,,,,,,,,,,,,,,,,,,Allmän,,,,,,,,,,,,,,,,,,,
GitHub,Noun,,,,,,,,,,,,,,,,,,,,,,,,,,,,,,,,,,,,,,,,,,,,GitHub,,,,,,GitHub,,,,,,GitHub,,,,,,,,,,,,,,,,,,,,,,,,,,,,,,,,,,,,,,,,,,,,,,,,,,,,,,,,,,,,,,,,,
Hash,Noun,,,,,,,,,,,,,,,,,,,,,,,,,,,,,,,,,,,,,,,,,,,,,,,,,,Hash,,,,,,,,,,,,,,,,,,,,,,,,,,,,,,,,,,,,,,,,,,,,,,,,,,,,Hash,,,,,,,,,,,,,,,,哈希值,,,
IP address,Noun,,,,,,,,,,,,,,,,,,,,,,,,dirección IP,,,,,,,,,,Adresse IP,,,,,,,,IP adresa,,IP-cím,,,,,,indirizzo IP,,,,,,,,,,,,,,,,,,,,,,,,,,,,IP-adres,,,,,,,,,,,,IP-адрес,,,,,,,,,,,,IP-adress,,,,,,,,,,,,,,,,IP地址,,,
Innovation,Noun,,,,ابتكار,,,,,,,,,,,,,,,,,,,,innovación,,,,,,,,,,innovation,,,,,,,,Inovacija,,innováció,,,,,,Innovazione,,,,,,,,,,,,,,,,,,നൂതന കണ്ടുപിടിത്തം,,,,,,,,,,Innovatie,,,,,,,,,,,,Инновация,,,,,,inovacija,,,,,,Innovation,,,,,,innovasyon,,Інновація,,,,,,,,创新,,,
Lightning Network,Noun,,,,,,,,,,,,,,,,,,,,,,,,,,,,,,,,,,,,,,,,,,,,,,,,,,,,,,,,,,,,,,,,,,,,,,,,,,,,,,,,,,,,,,,,,,,,,,,,Omrežje Strela,,,,,,,,,,,,,,,,,,,,,,,,,
Meetup,Noun,,,,اجتماع,,,,,,,,,,,,,,Meetup,"Currently consistently translated into German as ""Meetup"".

(Could also be translated as ""Zusammenkunft"" or ""Treffen"" like on the Wiki: https://en.bitcoin.it/wiki/Meetups clicking on ""Deutsch"" leads to https://de.bitcoin.it/wiki/Treffen but then please consistently on all appearances of ""Meetups"" and ""Meetup"")",,,,,reunión,,,,,,,,,,rencontre,,,,,,,,Sastanak/upoznavanje,,Találkozó,,,,,,Incontro informale,,,,,,ការបង្កើតកិច្ចប្រជំុ,,모임,,,,,,,,,,യോഗം,,,,,,,,,,Meetup,Leave in English,,,,,,,,,,,Встреча,,,,,,,,,,,,,,,,,,Buluşma,,,,,,,,,,聚会,,,
Meetups,Noun,,,,,,,,,,,,,,,,,,Meetups,"Currently consistently translated into German as ""Meetups"" (see also Meetup).  (Could also be translated as ""Zusammenkunft"" or ""Treffen"" like on the Wiki: https://en.bitcoin.it/wiki/Meetups clicking on ""Deutsch"" leads to https://de.bitcoin.it/wiki/Treffen but then please consistently on all appearances of ""Meetups"" and ""Meetup"")",,,,,reuniones,,,,,,,,,,,,,,,,,,Sastanci/upoznavanja,,,,,,,,Incontri informali,,,,,,ការបង្កើតកិច្ចប្រជំុច្រើន,,,,,,,,,,,,,,,,,,,,,,Meetups,,,,,,,,,,,,Встречи,,,,,,,,,,,,,,,,,,,,,,,,,,,,,,,
Node,Noun,,,,,,,,,,,,,,,,,,,,,,,,,,,,,,,,,,,,,,,,,,,,,,,,,,Nodo,,,,,,,,,,,,mazgas,,,,,,,,,,,,,,,,,,,,,,,,Nodo,,,,,,,,,,,,,,,,Nod,,,,,,,,,,,,,,,,节点,,,
P2P,Noun,,,,,,,,,,,,,,,,,,,,,,,,red de pares,,,,,,,,,,,,,,,,,,,,,,,,,,P2P,,,,,,P2P,,,,,,,,,,,,,,,,,,,,,,,,,,,,,,,,,,,,,,,,,,,,,,,,,,,,,,,,,,,,,,,,,
PCI compliance,Noun,,,,الامتثال ل PCI   ,,,,,,,,,,,,,,,,,,,,cumplimiento PCI,,,,,,,,,,,,,,,,,,,,PCI megfelelés,PCI=Payment Card Industry,,,,,conformità PCI,,,,,,,,,,,,,,,,,,,,,,,,,,,,,,,,,,,,conformidade PCI,,,,соответствие стандартам PCI,,,,,,skladnost s pravili industrije plačilnih kartic,,,,,,,,,,,,,,,,,,,,,,,,,
PIN,Noun,,,,,,,,,,,,,,,,,,,,,,,,,,,,,,,,,,,,,,,,,,PIN,,,,,,,,PIN,,,,,,លេខភីន,,,,,,,,,,,,,,,,,,,,,,pincode,,,,,,,,,,,,ПИН,,,,,,,,,,,,pinkod,,,,,,,,,,,,,,,,,,,
Page,Noun,,,,,,,,,,,,,,,,,,,,,,,,página,,,,,,,,,,,,,,,,,,stranica,,,,,,,,Pagina,,,,,,ទំព័រ,,,,,,puslapis,,,,,,,,,,,,,,,,,,,,,,,,,,,,,,,,,,,,,,,,Sida,,,,,,,,,,,,,,,,,,,
Paper,Noun,,,,,,,,,,,,,,,,,,Paper,,,,,,,,,,,,,,,,,,,,,,,,,,,,,,,,Documento,,,,,,,,,,,,,,,,,,,,,,,,,,,,,,,,,,,,,,,,,,,,,,,,,,,,"Papper, dokument",,,,,,,,,,,,,,,,,,,
Peer-to-Peer,Adjective,,,,,,,,,,,,,,,,,,,,,,,,,,,,,,,,,,,,,,,,,,,,,,Antar-Rekan,,,,Peer-to-Peer,,,,,,,,,,,,,,,,,,,,,,,,,,,,,,,,,,,,,,,,,,,,,,,,,,,,Icke-hierarkisk,,,,,,,,,,,,,,,,P2P,,,
Phone,Noun,,,,,,,,,,,,,,,,,,,,,,,,,,,,,,,,,,,,,,,,,,,,,,,,,,Telefono,,,,,,ទូរស័ព្ទ,,,,,,,,,,,,,,,,,,,,,,,,,,,,,,,,,,,,,,,,,,,,,,,,,,,,,,,,,,,,,,,,,
Protect,Verb,,,,,,,,,,,,,,,,,,,,,,,,proteger,,,,,,,,,,Protéger,,,,,,,,,,,,,,,,Proteggere,,,,,,ការពារ,,,,,,,,,,,,,,,,,,,,,,Beschermen,,,,,,,,,,,,,,,,,,,,,,,,Skydda,,,,,,,,,,,,,,,,保护,,,
Purchase,Verb,,,,,,,,,,,,,,,,,,,,,,,,compra,compra/comprar,,,,,,,,,,,,,,,,,,,,,,,,,Acquistare,,,,,,ទិញ,,,,,,,,,,,,,,,,,,,,,,Kopen,,,,,,,,,,,,,,,,,,,,,,,,Köpa,,,,,,,,,,,,,,,,购买,,,
Responsible,Adjective,,,,,,,,,,,,,,,,,,,,,,,,responsable,,,,,,,,,,,,,,,,,,,,,,,,,,responsabile,,,,,,ដែលទទួលខុសត្រូវ,,,,,,atsakingas,,,,,,,,,,,,,,,,Verantwoordelijk,,,,,,,,,,,,,,,,,,,,,,,,Ansvarig,,,,,,,,,,,,,,,,,,,
Signing Keys,Noun,,,,,,,,,,,,,,,,,,,,,,,,llaves de firma,,,,,,,,,,,,,,,,,,,,,,,,,,Chiavi di Firma,,,,,,Signing Keys,,,,,,,,,,,,,,,,,,,,,,,,,,,,,,,,,,,,,,,,,,,,,,,,,,,,,,,,,,,,,,,,,
Source,Noun,,,,,,,,,,,,,,,,,,,,,,,,fuente,,,,,,,,,,,,,,,,,,,,,,,,,,Sorgente,,,,,,ប្រភព,,,,,,,,,,,,,,,,,,,,,,,,,,,,,,,,,,,,,,,,,,burim,,,,Källa,,,,,,,,,,,,,,,,源,,,
Stack Exchange,Noun,,,,,,,,,,,,,,,,,,,,,,,,,,,,,,,,,,,,,,,,,,,,,,,,,,Stack Exchange,,,,,,,,,,,,,,,,,,,,,,,,,,,,,,,,,,,,,,,,,,,,,,,,,,,,Stack Exchange,,,,,,,,,,,,,,,,Stack Exchange,,,
StackExchange,Noun,,,,,,,,,,,,,,,,,,,,,,,,,,,,,,,,,,,,,,,,,,,,,,,,,,StackExchange,,,,,,,,,,,,,,,,,,,,,,,,,,,,,,,,,,,,,,,,,,,,,,,,,,,,StackExchange,,,,,,,,,,,,,,,,StackExchange,,,
UTXO,Noun,Unspent Transaction Output,,,,,,,,,,,,,,,,,,,,,,,,salida de transacción no gastada,,,,,,,,,,,,,,,,,,,,,,,,,UTXO,,,,,,,,,,,,,,,,,,,,,,,,,,,,,,,,,,,,,,,,,,,,,,,,,,,,UTXO,,,,,,,,,,,,,,,,未使用交易输出,建议英文注释UTXO,,
Variable,Noun,,,,,,,,,,,,,,,,,,,,,,,,variable,,,,,,,,,,,,,,,,,,,,,,,,,,Variabile,,,,,,អញ្ញត,,,,,,,,,,,,,,,,,,,,,,,,,,,,,,,,,,,,,,,,,,,,,,,,,,,,,,,,,,,,,,,,,
Verify,Verb,,,,,,,,,,,,,,,,,,,,,,,,verficar,,,,,,,,,,Vérifier,,,,,,,,,,,,,,,,Verificare,,,,,,ផ្ទៀងផ្ទាត់,,,,,,patvirtinti,,,,,,,,,,,,,,,,Verifiëren,,,,,,,,,,,,,,,,,,,,verifiko,,,,Verifiera,,,,,,,,,,,,,,,,验证,,,
WARNING,Noun,,,,,,,,,,,,,,,,,,,,,,,,ADVERTENCIA,,,,,,,,,,,,,,,,,,,,,,,,,,ATTENZIONE,,,,,,,,,,,,,,,,,,,,,,,,,,,,,,,,,,,,,,,,,,,,,,,,,,,,,,,,,,,,,,,,,,,,,,,
What,Adjective,,,,,,,,,,,,,,,,,,,,,,,,,,,,,,,,,,,,,,,,,,,,,,,,,,Cosa,,,,,,តើអ្វី,,,,,,,,,,,,,,,,,,,,,,,,,,,,,,,,,,,,,,,,,,,,,,,,,,,,,,,,,,,,,,,,,
White paper,,,,,,,,,,,,,,,,,,,,,,,,,,,,,,,,,,,,,,,מסמך עמדה,,,,,,,,,,,,,,,,,,,,,,,,,,,,,,,,,,,,,,,,,,,,,,,,,,,,,,,,,,,,,,,,,,,,,,,,,,,,,,,,,,,
White paper,Noun,,,,,,,,,,,,,,,,,,,,,,,,Libro blanco,,,,,,,,,,,,,,,,,,,,,,,,,,White Paper,,,,,,,,,,,,,,,,,,,,,,,,,,,,,,,,,,,,,,,,,,,,,,,,,,,,Vitbok,,,,,,,,,,,,,,,,,,,
Wiki,Noun,,,,,,,,,,,,,,,,,,,,,,,,,,,,,,,,,,,,,,,,,,wiki,,,,,,,,Wiki,,,,,,វីគី,,,,,,Wiki,,,,,,,,,,,,,,,,Wiki,,,,,,,,,,,,,,,,,,,,,,,,Wiki,,,,,,,,,,,,,,,,维基,,,
access,Noun,,,,,,,,,,,,,,,,,,,,,,,,acceso,,,,,,,,,,,,,,,,,,,,,,,,,,,,,,,,,,,,,,,,,,,,,,,,,,,,,,,,,,,,,,,,,,,,,,,,,,,,,,åtkomst,,,,,,,,,,,,,,,,,,,
activities,Noun,,,,نشاطات,,,,,,,,,,,,,,,,Δραστηριότητες,Δραστηριότητες ,,,actividades,,,,,,,,,,,,,,,,,,,,,,,,,,attività,,,,,,សកម្មភាព,,,,,,veiklos,,,,,,,,,,,,,,,,activiteiten,,,,,,,,atividades,,,,активы,,,,,,,,,,,,aktiviteter,,,,,,,,,,,,,,,,活动,,,
additional,Adjective,,,,,,,,,,,,,,,,,,,,Επιπρόσθετος,,,,adicional,,,,,,,,,,,,,,,,,,,,,,tambahan,,,,aggiuntivo,,,,,,បន្ថែម,,,,,,"papildomas, -a",,,,,,,,,,,,,,,,,,,,,,,,,,,,,,,,,,,,,,,,,,,,,,,,,,,,,,,,,,,
adopt,Verb,,,,,,,,,,,,,,,,,,,,,,,,,,,,,,,,,,,,,,,,,,,,,,memakai,,,,,,,,,,,,,,,,,,,,,,,,,,,,,,,,,,,,,,,,,,,,,,,,,,,,,,,,införa,,,,,,,,,,,,,,,,,,,
adoption,Noun,,,,,,,,,,,,,,,,,,,,,,,,,,,,,,,,,,,,,,,,,,,,,,adopsi,,,,,,,,,,,,,,,,,,,,,,,,,,,,,,,,,,,,,,,,,,,,,,,,,,,,,,,,införande,,,,,,,,,,,,,,,,,,,
advantage,Adjective,,,,افضلية,,,,,,,,,,,,,,,,Πλεονέκτημα,,,,ventaja,,,,,,,,,,avantage,,,,,,,,,,,,,,,,vantaggio,,,,,,គុណសម្បត្តិ,,,,,,,,,,,,,,,,,,,,,,voordeel,,,,,,,,vantagem,,,,,,,,,,,,,,,,fördel,,,,,,,,,,,,,,,,优势,,,
advantages,Adjective,,,,مزايا,,,,,,,,,,,,,,,,Πλεονεκτήματα,,,,ventajas,,,,مزایا,,,,,,avantagé,,,,,,,,,,,,,,,,vantaggi,,,,,,គុណសម្បត្តិ,,,,,,,,,,,,,,,,,,,,,,voordelen,,,,,,,,vantagens,,,,,,,,,,,,,,,,fördelar,,,,,,,,,,,,,,,,优势,,,
alert,Noun,,,,,,,,,,,,,,,,,,,,Συναγερμός,,,,,,,,,,,,,,,,,,,,,,,,,,,,,,avviso,,,,,,ប្រយ័ត្នប្រយែង,,,,,,,,,,,,,,,,,,,,,,,,,,,,,,,,,,,,,,,,,,,,,,avisering,,,,,,,,,,,,,,,,,,,
alerts,Noun,,,,,,,,,,,,,,,,,,,,Συναγερμοί,,,,,,,,,,,,,,,,,,,,,,,,,,,,,,avvisi,,,,,,ការប្រយ័ត្នប្រយែងច្រើន,,,,,,,,,,,,,,,,,,,,,,,,,,,,,,,,,,,,,,,,,,,,,,aviseringar,,,,,,,,,,,,,,,,,,,
all,Adjective,,,,,,,,,,,,,,,,,,,,"Όλοι, όλες, όλα",,,,,,,,,,,,,,,,,,,,,,,,,,,,,,tutti,,,,,,ទាំងអស់,,,,,,visi,,,,,,,,,,,,,,,,,,,,,,,,,,,,,,,,,,,,,,,,,,,,,,,,,,,,,,,,,,,
also,Adverb,,,,,,,,,,,,,,,,,,,,Επίσης,,,,,,,,,,,,,,,,,,,,,,,,,,,,,,anche,,,,,,បន្ថែម,,,,,,taip pat,,,,,,,,,,,,,,,,,,,,,,,,,,,,,,,,,,,,,,,,,,,,,,,,,,,,,,,,,,,
an,Preposition,,,,,,,,,,,,,,,,,,,,"Ένας, μία, ένα",,,,,,,,,,,,,,,,,,,,,,,,,,,,,,un,,,,,,មួយ,,,,,,,artikelis neverčiamas,,,,,,,,,,,,,,,,,,,,,,,,,,,,,,,,,,,,,,,,,,,,,,,,,,,,,,,,,,
and,Conjunction,,,,,,,,,,,,,,,,,,,,Και,,,,,,,,,,,,,,,,,,,,,,,,,,,,,,e,,,,,,និង,,,,,,ir,,,,,,,,,,,,,,,,,,,,,,,,,,,,,,,,,,,,,,,,,,,,,,,,,,,,,,,,,,,
anonymous,Noun,,,,,,,,,,,,,,,,,,,,Ανώνυμος,,,,anónimo,,,,ناشناس,,,,,,Anonyme,,,,,,,,,,,,,,,,anonimo,,,,,,អនាមិក,,,,,,nežinomas,,,,,,,,,,,,,,,,anoniem,,,,,,,,anónimo,,,,,,,,,,,,,,,,anonym,,,,,,,,,,,,,,,,匿名,,,
app(lication),Noun,,,,البرنامج,,,,,,,,,,,,,,,,Εφαρμογή,,,,,,,,اپلیکیشن,,,,,,Apps,,,,,,,,aplikacija,,alkalmazás,,aplikasi,,,,app(licazione),,,,,,កម្មវិធី,,,,,,,,,,,,,,,,,,,,,,app,,,,,,,,app,aplicação,,,приложение,,,,,,aplikacija,,,,,,app(likation),,பயன்பாடு,,,,,,додаток,,,,,,,,应用程序,,,
attacker,Noun,,,,,,,,,,,,,,,,,,,,,,,,,,,,,,,,,,,,,,,,,,,,,,penyerang,,,,,,,,,,,,,,,,,,,,,,,,,,,,,,,,,,,,,,,,,,,,,,,,,,,,,,,,angripare,,,,,,,,,,,,,,,,,,,
authentication,Noun,,,,المصادقة,,,,,,,,,,,,,,,,Επιβεβαίωση,,,,autenticación,,,,احراز هویت,,,,,,Authentification,,,,,,,,,,,,,,,,autenticazione,,,,,,ការបញ្ជាក់តាមយថាភូត,,,,,,autorizavimas,,,,,,,,,,,,,,,,,,,,,,,,autenticação,,,,,,,,,,,,,,,,autentisering,,,,,,,,,,,,,,,,授权,,,
backup,Noun,,,,نسخة احتياطية,,,,,,,,còpia de seguretat,,,,,,,,Αντίγραφο ασφαλείας,,,,copia de seguridad,,,,نسخه پشتیبان,,,,,,sauvegarde,,,,גיבוי,,,,"rezervna kopija, sigurnosni duplikat",,biztonsági mentés,,cadangan,,,,backup,,,,,,ចម្លងទុក,,백업,,,,,,,,,,കരുതൽ ശേഖരം,,,,,,,,,,back-up,,,,kopia zapasowa,,,,cópia de segurança,,,,Резервная копия,,,,,,rezervna kopija,,,,,,säkerhetskopia,,காப்பு பிரதி,,,,destek,,,,,,,,,,备份,,,
balance,Noun,,,,الرصيد,,,,,,,,,,,,,,,,Τρέχουσα τιμή,,,,balance,,,,موجودی,,,,,,solde,,,,יתרה,,,,saldo,,egyenleg,Kontextustól függően.,,,,,saldo,,,,ბალანსი,,សមតុល្យ,,잔액,,,,balansas,,,,,,ബാക്കി,,,,,,,,,,saldo,,,,saldo,,,,saldo,,,,баланс,,,,,,stanje,,,,,,saldo,,கணக்கு மிகுதி,,,,bakiye,,баланс,,,,,,,,余额,,,
bandwidth,Noun,,,,عرض النطاق,,,,,,,,,,,,,,,,Εύρος ζώνες,,,,ancho de banda,,,,پهنای‌باند,,,,,,Bande Passante,,,,,,,,,,,,,,,,larghezza di banda,,,,,,កម្រិតបញ្ជូន,,대역폭,,,,,,,,,,,,,,,,,,,,bandbreedte,,,,,,,,largura de banda,,,,,,,,,,prepustnost,,,,,,bandbredd,,,,,,,,,,,,,,,,带宽,,,
bank,Noun,,,,,,,,,,,,,,,,,,,,Τράπεζα,,,,banco,,,,,,,,,,,,,,,,,,,,,,,,,,banca,,,,,,ធនាគារ,,,,,,bankas,,,,,,,,,,,,,,,,,,,,,,,,,,,,,,,,,,,,,,,,,,,,,,,,,,,,,,,,,,,
basic,Noun,,,,,,,,,,,,,,,,,,,,Βασικός,,,,,,,,,,,,,,,,,,,,,,,,,,,,,,basilare,,,,,,ជាមូលដ្ឋាន,,,,,,pagrindas,,,,,,,,,,,,,,,,,,,,,,,,,,,,,,,,,,,,,,,,,,,,,,,,,,,,,,,,,,,
become,Verb,,,,يصبح,,,,,,,,,,,,,,,,"Γίνομαι, εξελίσσομαι",,,,convertirse,Volverse/convertirse en algo distinto,,,,,,,,,Devenir,,,,,,,,,,,,,,,,diventare,,,,,,ប្រែក្លាយ ក្លាយទៅជា,,,,,,tapti,,,,,,,,,,,,,,,,,,,,,,,,tornar-se,,,,,,,,,,,,,,,,bli,,,,,,,,,,,,,,,,,,,
bit,Noun,,,,بت,,,,,,,,,,,,,,,,Μπιτ,,,,,,,,بیت,,,,,,,,,,,,,,,,,,,,,,bit,,,,,,,,,,,,,,,,,,,,,,,,,,,,,,,,,,,,pouco,,,,,,,,,,,,,,,,bit,,,,,,,,,,,,,,,,比特,信息单位,,
bitcoin,,,,,,,,,,,,,,,,,,,,,,,,,,,,,,,,,,,,,,,ביטקוינים,,,,,,,,,,,,,,,,,,,,,,,,,,,,,,,,,,,,,,,,,,,,,,,,,,,,,,,,,,,,,,,,,,,,,,,,,,,,,,,,,,,
bitcoin,Noun,Referring to the unit of account,,,بت كوين,,,,,,,,,,,,,,,,"bitcoin, μονάδα μέτρησης",,,,bitcoin,"Al referirse a la moneda como unidad. Lo mismo aplica para ""bitcoins"". Ejemplo 1: Un bitcoin vale más que un litecoin.",,,بیت‌کوین,,,,,,bitcoin,,,,ביטקוין,,,,bitcoin,,"bitcoin, bitcoint",Kisbetűvel pénzként értendő.,,,,,bitcoin,Si riferisce all'unità di un account.,,,,, bitcoin,,,,,,bitkoinas,,,,,,,,,,,,,,,,bitcoin,,,,bitcoin,,,,bitcoin,cripto moeda,,,биткойн,,,,,,bitcoin,,,,,,bitcoin,"Syftar på valutaenheten. ""en bitcoin"" i likhet med ""en krona/dollar/mark/franc"" etc.",பிட்காயின்,,,,,,біткойн,,,,,,,,比特币,,,
bitcoin client,Noun,,,,زبون بت كوين ,,,,,,,,,,,,,,Bitcoin-Client,,Πελάτης Bitcoin,,,,cliente Bitcoin,,,,,,,,,,client Bitcoin,,,,לקוח ביטקוין,,,,bitcoin klijent,,bitcoin kliens,,,,,,client di bitcoin,,,,,,ភ្ញៀវBitcoin,,비트코인 클라이언트,,,,„Bitcoin“ klientinė programa,,,,,,ബിറ്റ്കോയിൻ ക്ലയന്റ്,,,,,,,,,,Bitcoin-client,,,,klient Bitcoin,,,,cliente bitcoin,,,,Bitcoin клиент,программа для осуществления платежей в Bitcoin,,,,,bitcoin-odjemalec,,,,,,bitcoinklient,,பிட்காயின் கிளைன்ட்,,,,bitcoin müşterisi,,біткойн клієнт,,,,,,,,比特币客户端,,Bitcoin 用戶端,使用「用戶端」以分辨 Client->用戶/用戶端 與 User->使用者  的差別
bitcoin.org,,,,,,,,,,,,,,,,,,,,,bitcoin.org,,,,,,,,,,,,,,,,,,bitcoin.org,,,,,,bitcoin.org,,,,,,bitcoin.org,,,,,,,,,,,,,,,,,,,,,,,,,,,,,,,,,,,,,,,,,,,,,,,,,,,,,,bitcoin.org,,,,,,,,,,,,,,,,,
bitcoins,Noun,,,,,,,,,,,,,,,,,,,,Bitcoins,Ηλεκτρονικά νομίσματα,,,,,,,,,,,,,,,,,,,,,,,bitcoinok,,,,,,bitcoin,,,,,,bitcoins,,,,,,bitkoinai,,,,,,,,,,,,,,,,,,,,,,,,,,,,,,,,,,,,,,,,,,பிட்காயின்கள்,,,,,,,,,,,,,,,,,
block,Noun,,,,,,,,,,,,,,,,,,,,Μπλοκ,Μπλοκ ονομάζονται οι κομβοι που σπάνε και παράγουν bitcoin για τους miners.,,,bloque,,,,,,,,,,,,,,,,,,,,blokk,,,,,,blocco,,,,,,block,,,,,,,,,,,,,,,,,,,,,,,,,,,,,,,,,,,,,,,,,,,,,,,,,,,,,,,,,,,,,,,,,
block chain,Noun,"Does often get translated into the correspondent language (e.g. in French ""chaine de blocs"", ""Blockkette"" in German, ""Catena di Blocchi"" in Italian or in Romanian ""Lanţul de blocuri"").",,,,"Has no translation
",,,,,,,,,,,,,Blockkette,,Blockchain,Μπλοκτσειν ονομάζεται το δίκτυο πληρωμών ,,,cadena de bloques,,,,زنجیره بلاک‌ها,زنجیره بلوکی رایجتر هست,,,,,chaîne de blocs,,,,,,,,lanac blokova,,blokklánc,A http://bitcoin.hu/?page_id=1105 oldalt segítségül hívva.,,,,,block chain,,,,,,ចង្វាក់ម្តំុ,,블럭 체인,,,,,,bloku ķēde,,,,ബ്ലൊക്ക് ചെയിൻ,,,,,,,,,,blokketen,,,,,,,,cadeia de blocos,,,,блокчейн,место учета всех транзакций,,,,,veriga blokov,,,,,,blockkedja,,,,,,blok zinciri,,ланцюг блоків,,,,,,,,区块链,,區塊鏈,
blockchain,,,,,,,,,,,,,,,,,,,,,Blockchain,Αλυσίδα συναλλαγών ,,,cadena de bloques,,,,,,,,,,,,,,שרשרת הבלוקים,,,,,,,,,,,,blockchain,o catena di blocchi,,,,,,,,,,,,,,,,,,,,,,,,,,,,,,,,,,,,,,,,,,,,,,,,,,,,,,,,,,,,,,,,,,,,,,
bought,Verb,,,,,,,,,,,,,,,,,,,,Αγόρασα,Αόριστος του ρήματος buy ,,,,,,,,,,,,,,,,,,,,,,,,,,,,,comprare,,,,,,បានទិញ,,,,,,,,,,,,,,,,,,,,,,,,,,,,,,,,,,,,,,,,,,,,,,,,,,,,,,,,,,,,,,,,,
bought up,Verb,,,,,,,,,,,,,,,,,,,,Αγόρασα ακριβά,,,,,,,,,,,,,,,,,,,,,,,,,,,,,,accaparrare,,,,,,បានទិញ,,,,,,,,,,,,,,,,,,,,,,,,,,,,,,,,,,,,,,,,,,,,,,,,,,,,,,,,,,,,,,,,,
browse,Verb,,,,,,,,,,,,,,,,,,,,Ξεφυλλίζω,,,,,,,,,,,,,,,,,,,,,,,,,,,,,,navigare,,,,,,រកបង្ហាញ,,,,,,,,,,,,,,,,,,,,,,,,,,,,,,,,,,,,,,,,,,,,,,,,,,,,,,,,,,,,,,,,,
build,Verb,,,,,,,,,,,,,,,,,,,,Χτίζω,,,,,,,,,,,,,,,,,,,,,,,,,,,,,,costruire,,,,,,សាងសង់,,,,,,,,,,,,,,,,,,,,,,,,,,,,,,,,,,,,,,,,,,,,,,,,,,,,,,,,,,,,,,,,,
business,Noun,,,, اعمال,,,,,,,,negoci,,,,,,Unternehmen,,Επιχείρηση,,,,negocios,Negocio/negocios,,,تجارت,,,,,,commerce,,,,עסק,,,,posao,,üzlet/cég/vállakozás,"Kontextustól függően: önmagában állva cég, in business - az üzletben, üzleti életben",,,,,attività commerciale,,,,,,ជំនួញ,,사업/업무,상황에 따라 전자 혹은 후자 택일,,,verslas,,,,,,വാണിജ്യം,,,,,,,,,,bedrijf,This is context-dependent for Dutch,,,,,,,negócio,,,,бизнес,,,,,,posel; podjetje,,,,,,företag,"skulle kunna vara ""verksamhet""",வணிகம்,,,,işletme,,,,,,,,,,业务,,商務,企業
buy,Verb,,,,,,,,,,,,,,,,,,,,Αγοράζω,,,,,,,,,,,,,,,,,,,,,,,,,,,,,,acquistare,,,,,,ទិញ,,,,,,pirkti,,,,,,,,,,,,,,,,,,,,,,,,,,,,,,,,,,,,,,,,,,,,,,,,,,,,,,,,,,,
can,Verb,,,,,,,,,,,,,,,,,,,,Μπορώ,,,,,,,,,,,,,,,,,,,,,,,,,,,,,,potere,,,,,,អាច,,,,,,galiu,,,,,,,,,,,,,,,,,,,,,,,,,,,,,,,,,,,,,,,,,,,,,,,,,,,,,,,,,,,
can't,Verb,,,,,,,,,,,,,,,,,,,,Δεν μπορώ,,,,,,,,,,,,,,,,,,,,,,,,,,,,,,non potere,,,,,,មិនអាច,,,,,,negali,,,,,,,,,,,,,,,,,,,,,,,,,,,,,,,,,,,,,,,,,,,,,,,,,,,,,,,,,,,
change address,Noun,,,,تغيير العنوان,,,,,,,,,,,,,,,,Αλλάζω διεύθυνση,,,,cambiar dirección,,,,تغییر آدرس,,,,,,Changement d'adresse,,,,שנה כתובת,,,,promijena adrese,adresa na koju se vraćaju nepotrošeni bitcoini iz transakcije,,,ganti alamat,,,,cambia indirizzo,,,,,,ដូរអាស្រយដ្ឋាន,,,,,,pakeisti adresą,,,,,,,,,,,,,,,,wijzigingsadres,,,,,,,,alterar endereço,,,,адрес для сдачи,,,,,,naslov za drobiž,,,,,,byt adress,Det står att originalet är ett substantiv. Svensk översättning passar inte. Jag tror det handlar om den adress som växelpengar skickas till.,,,,,,,,,,,,,,,零钱地址,,,
chargeback,Noun,,,,استعادة النفقات,,,,,,,,,,,,,,,,Κρυφή χρέωση,,,,devolución,Por Ej. devolución de bienes,,,,,,,,,Rebondissement,,,,,,,,storno troška,,,,,,,,chargeback,,,,,,ទាមកវិញ,,,,,,,,atgrieztais maksājums,,,,,,,,,,,,,,stornering,,,,,,,,chargeback,,,,отмена платежа,,,,,,,,,,,,återbetalning,,,,,,,,,,,,,,,,,,,
click,Verb,,,,,,,,,,,,,,,,,,,,Επιλέγω,,,,,,,,,,,,,,,,,,,,,,,,,,,,,,Cliccare,,,,,,ចុច,,,,,,,,,,,,,,,,,,,,,,,,,,,,,,,,,,,,,,,,,,,,,,,,,,,,,,,,,,,,,,,,,
client side,Noun,,,,,,,,,,,,,,,,,,,,Εκ μέρους του πελάτη,,,,,,,,,,,,,,,,,,,,,,,,,,,,,,lato utente,,,,,,ផ្នែកខាងអ្នកមើល,,,,,,,,,,,,,,,,,,,,,,,,,,,,,,,,,,,,,,,,,,,,,,,,,,,,,,,,,,,,,,,,,
co-owners,Noun,,,,,,,,,,,,,,,,,,,,,,,,co-propietarios,,,,,,,,,,,,,,,,,,,,,,,,,,co-proprietari,,,,,,សហម្ចាស់,,,,,,,,,,,,,,,,,,,,,,,,,,,,,,,,,,,,,,,,,,,,,,,,,,,,,,,,,,,,,,,,,
cold storage,,,,,التخزين البارد,,,,,,,,,,,,,,,,Πάγια αποθήκευση,,,,almacenamiento en frío,También almacenamiento fuera de línea/offline,,,,,,,,,stockage à froid,,,,,,,,offline novčanik,offline pohrana bitcoin novčanika,hidegtárolás,,,,,,deposito di bitcoin conservato esternamente alla rete,,,,,,កន្លែងផ្ទុកដែលត្រជាក់,,콜드 스토리지,,,,laikymas šaltai,,,,,,ശീത സംഭരണി,,,,,,,,,,cold storage,,,,,,,,,,,,оффлайновое хранение,хранение биткоинов оффлайн,,,,,hladna hramba,,,,,,kallagring,,,,,,soğuk depo,,,,,,,,,,冷存储,不支持热插拔或不支持双机热备的一种存储数据方法,冷資料儲存,
come,Verb,,,,,,,,,,,,,,,,,,,,Έρχομαι,,,,,,,,,,,,,,,,,,,,,,,,,,,,,,venire,,,,,,មក,,,,,,,,,,,,,,,,,,,,,,,,,,,,,,,,,,,,,,,,,,,,,,,,,,,,,,,,,,,,,,,,,
comes,Verb,,,,,,,,,,,,,,,,,,,,Έρχεται,,,,,,,,,,,,,,,,,,,,,,,,,,,,,,venuto,,,,,,មក,,,,,,,,,,,,,,,,,,,,,,,,,,,,,,,,,,,,,,,,,,,,,,,,,,,,,,,,,,,,,,,,,
communities,Noun,,,,مجتمعات,,,,,,,,,,,,,,Communities,,Κοινότητες,,,,comunidades,,,,انجمن ها,,,,,,Communautés,,,,,,,,zajednice,,,,,,,,comunità,,,,,,សហគមន៍ច្រើន,,,,,,,,,,,,,,,,,,,,,,gemeenschappen,,,,,,,,comunidades,,,,,,,,,,,,,,,,communities,,,,,,,,,,,,,,,,,,,
community,Noun,,,,مجتمع,,,,,,,,,,,,,,Community,,Κοινότητα,,,,comunidad,,,,محفل,,,,,,Communauté,,,,,,,,zajednica,,közösség,,,,,,Comunità,,,,,,សហគមន៍,,,,,,,,kopiena,,,,,,,,,,,,,,gemeenschap,,,,,,,,comunidade,,,,сообщество,,,,,,skupnost,,,,,,community,,சமூகம்,,,,,,спільнота,,,,,,,,社区,,,
complete,Adjective,,,,,,,,,,,,,,,,,,,,,,,,,,,,,,,,,,,,,,,,,,,,,,,,,,,,,,,,,,,,,,,,,,,,,,,,,,,,,,,,,,,,,,,,,,,,,,,,,,,,,,fullständig,,,,,,,,,,,,,,,,,,,
compromised,Adjective,,,,,,,,,,,,,,,,,,,,,,,,,,,,,,,,,,,,,,,,,,,,,,,,,,,,,,,,,,,,,,,,,,,,,,,,,,,,,,,,,,,,,,,,,,,,,,,,,,,,,,komprometterad,from Microsoft Language Portal,,,,,,,,,,,,,,,,,,
confirm,Verb,,,,,,,,,,,,,,,,,,,,,,,,,,,,,,,,,,,,,,,,,,,,,,,,,,,,,,,,,,,,,,patvirtinti,,,,,,,,,,,,,,,,,,,,,,,,,,,,,,,,,,,,,,,,bekräfta,,,,,,,,,,,,,,,,,,,
confirmation,Noun,,,,,,,,,,,,,,,,,,,,,,,,,,,,,,,,,,,,,,,,,,,,,,,,,,,,,,,,,,,,,,patvirtinimas,,,,,,,,,,,,,,,,,,,,,,,,,,,,,,,,,,,,,,,,bekräftelse,,,,,,,,,,,,,,,,,,,
consensus,Noun,,,,,,,,,,,,,,,,,,,,,,,,,,,,,,,,,,,,,,,,,,,,,,,,,,,,,,,,,,,,,,,,,,,,,,,,,,,,,,,,,,,,,,,,,,,,,,,,,,,,,,konsensus,https://it-ord.idg.se/ord/konsensus/,,,,,,,,,,,,,,,,,,
consumer,Noun,,,,,,,,,,,,,,,,,,,,Καταναλωτής,,,,consumidor,,,,,,,,,,,,,,,,,,,,,,,,,,consumatore,,,,,,អ្នកប្រើផ្ទាល់,,,,,,vartotojas,,,,,,,,,,,,,,,,,,,,,,,,,,,,,,,,,,,,,,,,,,,,,,,,,,,,,,,,,,,
consumers,Noun,,,,,,,,,,,,,,,,,,,,Καταναλωτές,,,,consumidores,,,,,,,,,,,,,,,,,,,,,,,,,,consumatori,,,,,,អ្នកប្រើផ្ទាល់ច្រើន,,,,,,vartotojai,,,,,,,,,,,,,,,,,,,,,,,,,,,,,,,,,,,,,,,,,,,,,,,,,,,,,,,,,,,
content,Noun,,,,,,,,,,,,,,,,,,,,Περιεχόμενο,,,,,,,,,,,,,,,,,,,,,,,,,,,,,,contenuto,,,,,,មាតិកា,,,,,,,,,,,,,,,,,,,,,,,,,,,,,,,,,,,,,,,,,,,,,,,,,,,,,,,,,,,,,,,,,
contract,Noun,,,,,,,,,,,,,,,,,,,,"Συμβόλαιο, σύμβαση",,,,,,,,,,,,,,,,,,,,,,,,,,,,,,contratto,,,,,,កិច្ចសន្យា,,,,,,kontraktas,,,,,,,,,,,,,,,,,,,,,,,,,,,,,,,,,,,,,,,,,,,,,,,,,,,,,,,,,,,
contract,Verb,,,,,,,,,,,,,,,,,,,,Συμφωνώ,,,,,,,,,,,,,,,,,,,,,,,,,,,,,,contrarre,,,,,,ធ្វើកិច្ចសន្យា,,,,,,,,,,,,,,,,,,,,,,,,,,,,,,,,,,,,,,,,,,,,,,,,,,,,,,,,,,,,,,,,,
contracts,Noun,,,,,,,,,,,,,,,,,,,,Συμβόλαια,,,,,,,,,,,,,,,,,,,,,,,,,,,,,,contratti,,,,,,កិច្ចសន្យាច្រើន,,,,,,,,,,,,,,,,,,,,,,,,,,,,,,,,,,,,,,,,,,,,,,,,,,,,,,,,,,,,,,,,,
contribute,Verb,,,,,,,,,,,,,,,,,,,,,,,,,,,,,,,,,,,,,,,,,,,,,,,,,,contribuire,,,,,,ចែកចាយ,,,,,,,,,,,,,,,,,,,,,,,,,,,,,,,,,,,,,,,,,,,,,,,,,,,,,,,,,,,,,,,,,
contributor,Noun,,,,,,,,,,,,,,,,,,,,,,,,,,,,,,,,,,,,,,,,,,,,,,,,,,,,,,,,,,,,,,,,,,,,,,,,,,,,,,,,,,,,,,,,,,,,,,,,,,,,,,deltagare,,,,,,,,,,,,,,,,,,,
control,Noun,,,,,,,,,,,,,,,,,,,,,,,,,,,,,,,,,,contrôle,,,,,,,,,,,,,,,,controllo,,,,,,ការគ្រប់គ្រង,,,,,,,,,,,,,,,,,,,,,,,,,,,,,,,,,,,,,,,,,,,,,,,,,,,,,,,,,,,,,,,,,
control,Verb,,,,تحكم,,,,,,,,,,,,,,,,,,,,control,,,,,,,,,,Controler,,,,,,,,kontrola,,,,,,,,controllare,,,,,,គ្រប់គ្រង,,,,,,kontroliuoti,,,,,,,,,,,,,,,,,,,,,,,,controlar,,,,,,,,,,,,,,,,,,,,,,,,,,,,,,,,,,,
create,Verb,,,,انشاء,,,,,,,,crear,,,,,,erzeugen,,,,,,crear,,,,ایجادکردن,,,,,,créer,,,,,,,,kreirati,,létrehozni,,,,,,creare,,,,,,បង្កើត,,,,,,kurti,,,,,,സൃഷ്ടിക്കുക,,,,,,,,,,"maken, creëren",Context-dependent,,,,,,,criar,,,,создать,,,,,,ustvariti,,,,,,skapa,,,,,,oluşturmak,,створювати,,,,,,,,,,建立,
credit card,Noun,,,,بطاقة ائتمان,,,,,,,,,,,,,,,,,,,,tarjeta de crédito,,,,کارت اعتباری,,luottokortti,,,,Carte de Credit,,,,,,,,kreditna kartica,,,,,,,,carta di credito,,,,,,ប័ណ្ណឥណទាន,,,,,,kreditinė kortelė,,,,,,,,,,,,,,,,creditcard,,,,,,,,cartão de crédito,,,,кредитная карта,,,,,,,,,,,,kreditkort,,,,,,,,,,,,,,,,信用卡,,,
crowdfunding,Noun,,,,تمويل جماعي,,,,,,,,,,,,,,,,,,,,financiación en masa,,,,,,,,,,Financement Participatif,,,,,,,,,,közösségi finanszírozás,,,,,,raccolta fondi,,,,,,ការផ្តល់មូលនិធិហ្វូងមនុស្ស,,,,,,,,,,,,,,,,,,,,,,crowdfunding,,,,,,,,,,,,краудфандинг,,,,,,,,,,,,gräsrotsfinansiering,,,,,,,,,,,,,,,,众筹,,,
cryptography,Noun,,,,التشفير,,,,,,,,,,,,,,,,,,,,Criptografía,,,,رمزنگاری,,,,,,cryptographie,,,,,,,,kriptografija,,titkosítás/kriptográfia,"Kontextustól függően: matematikai ág=kriptográfia, egyéb, leíró esetekben titkosítás.",,,,,crittografia,,,,,,កូដសាស្ដ្រ,,암호학,,,,Kriptografija,,,,,,ബീജാക്ഷര ലേഖനവിദ്യ,,,,,,,,,,cryptografie,,,,,,,,Criptografia,,,,криптография,защита с помощи шифрования,,,,,kriptografija,,,,,,kryptografi,,,,,,Kriptografi,,криптографія,,,,,,,,密码学,,密碼學,
currencies,Noun,,,,,,,,,,,,,,,,,,,,,,,,monedas,,,,,,,,,,,,,,,,,,,,,,,,,,valute,,,,,,រូបិយប័ណ្ណច្រើន,,,,,,,,,,,,,,,,,,,,,,,,,,,,,,,,,,,,,,,,,,,,,,,,,,,,,,,,,,,,,,,,,
currency,Noun,,,,,,,,,,,,,,,,,,,,,,,,moneda,,,,,,,,,,,,,,,,,,,,,,,,,,moneta,,,,,,រូបិយប័ណ្ណ,,,,,,,,,,,,,,,,,,,,,,,,,,,,,,,,,,,,,,,,,,,,,,,,,,,,,,,,,,,,,,,,,
decentralization,Noun,,,,اللامركزية,,,,,,,,,,,,,,,,,,,,descentralización,,,,,,,,,,Décentraliser,,,,,,,,decentralizacija,,,,,,,,decentralizzazione,,,,,,វិមជ្ឈការ,,,,,,decentralizacija,,,,,,,,,,,,,,,,decentralisatie,,,,,,,,descentralização,,,,децентрализация,,,,,,,,,,,,decentralisering,,,,,,,,,,,,,,,,非中心化,,,
definition,Noun,,,,,,,,,,,,,,,,,,,,,,,,,,,,,,,,,,,,,,,,,,,,,,,,,,definizione,,,,,,និយមន័យ,,,,,,,,,,,,,,,,,,,,,,,,,,,,,,,,,,,,,,,,,,,,,,,,,,,,,,,,,,,,,,,,,
deflationary spiral,Noun,,,,دوامة انكماشية,انكماش حلزوني,,,,,,,,,,,,,,,,,,,espiral de deflación,espiral de deflación/espiral deflacionaria,,,,,,,,,,,,,,,,,deflatorna spirala,,deflációs spirál,,,,,,spirale deflazionaria,,,,,,បរិត្តផរណាកើនឡើង,,,,,,defliacijos spiralė,,,,,,,,,,,,,,,,,,,,,,,,,,,,дефляционная спираль,,,,,,deflacijska spirala,,,,,,deflationsspiral,,,,,,,,,,,,,,,,,,,
deploy,Verb,,,,نشر,,,,,,,,implementar,,,,,,ausgelöst,"deploy wurde einmal als ""empfangen"", und einmal als ""gesendet"" übersetzt. Eines von beidem muss also falsch sein *g*. Ich verstehe ""deploy"" im Sinne von verteilen/auslösen. (Empfangen/Gesendet ist eine Zahlung nach x Confirmations; deployed wird in den englischen Strings aber im Kontext von SOFORT benutzt).",,,,,desplegar,,,,,,,,,,déployer,,,,,,,,rasporediti,,,,,,,,schierare,,,,,,ពង្រាយ,,,,,,,,,,,,വിന്യസിക്കുക,,,,,,,,,,implementeren,This is context-dependent for Dutch,,,,,,,,,,,внедрить,?,,,,,,,,,,,,,,,,,dağıtmak,,,,,,,,,,部署,,,
deprecated,Adjective,,,,,,,,,,,,,,,,,,,,,,,,,,,,,,,,,,,,,,,,,,,,,,,,,,disapprovare,,,,,,,,,,,,nebenaudojamas,,,,,,,,,,,,,,,,,,,,,,,,descontinuado,,,,,,,,,,,,,,,,,,,,,,,,,,,,,,,,废弃,或废弃的,,
detail,Noun,,,,,,,,,,,,,,,,,,,,,,,,detalle,,,,,,,,,,,,,,,,,,,,,,,,,,dettaglio,,,,,,ព័ត៌មានលម្អិត,,,,,,detalė,,,,,,,,,,,,,,,,,,,,,,,,,,,,,,,,,,,,,,,,,,,,,,,,,,,,,,,,细节,,,
detailed,Adjective,,,,,,,,,,,,,,,,,,,,,,,,,,,,,,,,,,,,,,,,,,,,,,,,,,dettagliato,,,,,,ដែលបានពិស្តារ,,,,,,detalus,,,,,,,,,,,,,,,,,,,,,,,,,,,,,,,,,,,,,,,,,,,,,,,,,,,,,,,,,,,
details,Noun,,,,,,,,,,,,,,,,,,,,,,,,,,,,,,,,,,,,,,,,,,,,,,,,,,dettagli,,,,,,ពិស្តារច្រើន,,,,,,detalės,,,,,,,,,,,,,,,,,,,,,,,,,,,,,,,,,,,,,,,,,,,,,,,,,,,,,,,,,,,
deterministically,Adverb,,,,حتمي,,,,,,,,,,,,,,,,,,,,de una manera determinista,,,,,,,,,,,,,,,,,,deterministički,,,,,,,,deterministico,,,,,,,,,,,,,,,,,,,,,,,,,,,,,,,,,,,,,,,,,,,,,,,,,,,,deterministiskt,,,,,,,,,,,,,,,,,,,
developer,Noun,,,,مطور,,,,,,,,,,,,,,,,,,,,desarrollador,,,,توسعه‌دهنده,,,,,,,,,,,,,,razvijatelj,,fejlesztő,,,,,,sviluppatore,,,,,,អ្នកអភិវឌ្ឍន៍,,,,,,,,,,,,,,,,,,,,,,ontwikkelaar,,,,,,,,,,,,разработчик,,,,,,razvijalec,,,,,,utvecklare,,,,,,,,розробник,,,,,,,,开发者,,,
developer documentation,Noun,,,,,,,,,,,,,,,,,,Entwicklerdokumentation,,,,,,documentación para desarrollador,,,,مستندات توسعه دهنده,,,,,,,,,,,,,,,,fejlesztői dokumentáció,,,,,,documentazione per sviluppatori,,,,,,,,,,,,,,,,,,,,,,,,,,,,,,,,,,,,,,,,,,,,,,,,,,,,utvecklardokumentation,,,,,,,,,,,,,,,,开发文档,,,
developers,Noun,,,,مطورون,,,,,,,,,,,,,,,,,,,,desarrolladores,,,,توسعه دهندگان,,,,,,,,,,,,,,,,,,,,,,sviluppatori,,,,,,អ្នកអភិវឌ្ឈន៍ច្រើន,,,,,,,,,,,,,,,,,,,,,,ontwikkelaars,,,,,,,,,,,,,,,,,,,,,,,,utvecklare,,,,,,,,,,,,,,,,,,,
device,Noun,,,,أداة,,,,,,,,aparell,,,,,,,,,,,,dispositivo,,,,دستگاه,,,,,,appareil,,,,,,,,uređaj,,készülék,,,,,,dispositivo,,,,,,ឧបករណ៍,,,,,,,,,,,,ഉപകരണം,,,,,,,,,,apparaat,,,,urządzenie,,,,dispositivo,,,,устройство,,,,,,naprava,,,,,,enhet,,,,,,aygıt,,пристрій,,,,,,,,设备,,裝置,
different,Adjective,,,,,,,,,,,,,,,,,,,,,,,,,,,,,,,,,,,,,,,,,,,,,,,,,,diverso,,,,,,ផ្សេងគ្នា,,,,,,,,,,,,,,,,,,,,,,,,,,,,,,,,,,,,,,,,,,,,,,,,,,,,,,,,,,,,,,,,,
directory,Noun,,,,,,,,,,,,,,,,,,,,,,,,,,,,,,,,,,,,,,,,,,,,,,,,,,registro,"oppure ""elenco""",,,,,ទីតាំងទិសដៅ,,,,,,,,,,,,,,,,,,,,,,,,,,,,,,,,,,,,,,,,,,,,,,,,கோப்பகம்,,,,,,,,,,,,,,,,,
disadvantage,Adjective,,,,سلبي,,,,,,,,,,,,,,,,,,,,desventaja,,,,,,,,,,Désavantage,,,,,,,,,,,,,,,,svantaggiato,,,,,,គុណវិបត្តិ,,,,,,trūkumas,,,,,,,,,,,,,,,,,,,,,,,,,,,,,,,,,,,,,,,,nackdel,,,,,,,,,,,,,,,,劣势,,,
disadvantages,Adjective,,,,سلبيات,,,,,,,,,,,,,,,,,,,,desventajas,,,,,,,,,,Désanvantagé,,,,,,,,,,,,,,,,svantaggiati,,,,,,គុណវិបត្តិ,,,,,,trūkumai,,,,,,,,,,,,,,,,,,,,,,,,,,,,,,,,,,,,,,,,nackdelar,,,,,,,,,,,,,,,,,,,
disclaimer,Noun,,,,,,,,,,,,,,,,,,,,,,,,,,,,,,,,,,,,,,,,,,,,,,,,,,,,,,,,,,,,,,,,,,,,,,,,,,,,,,,,,,,,,,,,,,,,,,,,,,,,,,ansvarsfriskrivning,,,,,,,,,,,,,,,,,,,
disclosure,Noun,,,,كشف,,,,,,,,,,,,,,,,,,,,revelados de información,,,,,,,,,,Divulger,,,,,,,,,,,,,,,,rivelazione,,,,,,ការបញ្ចេញព័ត៍មាន,,,,,,,,,,,,,,,,,,,,,,,,,,,,,,,,,,,,,,,,,,,,,,avslöjande,,,,,,,,,,,,,,,,,,,
discover,Verb,,,,,,,,,,,,,,,,,,,,,,,,,,,,,,,,,,,,,,,,,,,,,,,,,,scoprire,,,,,,ធ្វើរបបគំហើញ,,,,,,,,,,,,,,,,,,,,,,,,,,,,,,,,,,,,,,,,,,,,,,,,,,,,,,,,,,,,,,,,,
discuss,Verb,,,,,,,,,,,,,,,,,,,,,,,,,,,,,,,,,,,,,,,,,,,,,,,,,,discutere,,,,,,ពិភាក្សា,,,,,,,,,,,,,,,,,,,,,,,,,,,,,,,,,,,,,,,,,,,,,,,,,,,,,,,,,,,,,,,,,
dispute,Noun,,,,,,,,,,,,,,,,,,,,,,,,,,,,,,,,,,,,,,,,,,,,,,,,,,,,,,,,,,,,,,,,,,,,,,,,,,,,,,,,,,,,,,,,,,,,,,,,,,,,,,tvist,,,,,,,,,,,,,,,,,,,
dispute mediation,Noun,,,,,,,,,,,,,,,,,,,,,,,,,,,,,,,,,,,,,,,,,,,,,,,,,,,,,,,,,,,,,,,,,,,,,,,,,,,,,,,,,,,,,,,,,,,,,,,,,,,,,,tvistmedling,,,,,,,,,,,,,,,,,,,
document,Noun,,,,,,,,,,,,,,,,,,,,,,,,,,,,,,,,,,,,,,,,,,,,,,,,,,documento,,,,,,ឯកសារ,,,,,,,,,,,,,,,,,,,,,,,,,,,,,,,,,,,,,,,,,,,,,,,,,,,,,,,,,,,,,,,,,
documentation,Noun,,,,,,,,,,,,,,,,,,,,,,,,,,,,,,,,,,,,,,,,,,,,,,,,,,documentazione,,,,,,ការផ្ដល់នូវឯកសារ,,,,,,dokumentacija,,,,,,,,,,,,,,,,,,,,,,,,,,,,,,,,,,,,,,,,,,,,,,,,,,,,,,,,,,,
documents,Noun,,,,,,,,,,,,,,,,,,,,,,,,,,,,,,,,,,,,,,,,,,,,,,,,,,documenti,,,,,,ឯកសារច្រើន,,,,,,,,,,,,,,,,,,,,,,,,,,,,,,,,,,,,,,,,,,,,,,,,,,,,,,,,,,,,,,,,,
double-spend,Noun,,,,انفاق مزدوج,,,,,,,,doble despesa,,,,,,,,,,,,doble gasto,,,,,,,,,,double dépense,,,,,,,,dvostruko trošenje,Pokušaj trošenja iste transakcije dva puta,dupla költés,,,,,,doppia-spesa,,,,,,ចំណាយផ្ទួន,,,,,,,,,,,,,ഇരട്ട വിനിമയം,,,,,,,,,dubbele uitgave,,,,,,,,,,,,двойное расходование средств,расходование одних и тех же средств для двух различных транзакций,,,,,dvojno trošenje,,,,,,dubbelspendering,,,,,,cift-harcama,,,,,,,,,,双重支付,,雙重支付,
dynamic,Noun,,,,,,,,,,,,,,,,,,,,,,,,,,,,,,,,,,,,,,,,,,,,,,,,,,dinamico,,,,,,ឌីណាមិក,,,,,,dinamika,,,,,,,,,,,,,,,,,,,,,,,,,,,,,,,,,,,,,,,,,,,,,,,,,,,,,,,,,,,
early adopter,Noun,,,,المتبنين الأوائل,,,,,,,,,,,,,,,,,,,,cliente tempranero,sólo en este contexto,,,,,,,,,utilisateurs précoces,,,,,,,,,,korai elfogadó,A jó öreg Rogers-féle innovációelfogadási elméletből.,,,,,utilizzatore precoce,,,,,,អ្នកចំនុះថ្មីថ្មោង,,얼리 어답터,,,,,,,,,,ആദ്യകാല സ്വീകർത്താവ്,,,,,,,,,,early adopter,,,,,,,,,,,,"ранний последователь, первопроходец",,,,,,zgodnji uporabnik,,,,,,tidig användare,,,,,,erken sahip olanlar,,,,,,,,,,早期采用者,,,
edit,Verb,,,,,,,,,,,,,,,,,,,,,,,,,,,,,,,,,,,,,,,,,,,,,,,,,,modificare,,,,,,កែ,,,,,,,,,,,,,,,,,,,,,,,,,,,,,,,,,,,,,,,,,,,,,,redigera,,,,,,,,,,,,,,,,,,,
emerging,Adjective,,,,,,,,,,,,,,,,,,,,,,,,,,,,,,,,,,,,,,,,,,,,,,,,,,,,,,,,,,,,,,,,,,,,,,,,,,,,,,,,,,,,,,,,,,,,,,,,,,,,,,framväxande,,,,,,,,,,,,,,,,,,,
encrypted,Adjective,,,,مشفرة,,,,,,,,,,,,,,,,,,,,cifrado,,,,,,,,,,Chiffré,,,,,,,,enkriptirano,,titkosított,,,,,,criptato,,,,,,ដែលធ្វើឲ្យពិបាកយល់,,,,,,,,,,,,,,,,,,,,,,,,,,,,,,,,,,зашифрованный,,,,,,,,,,,,krypterad,,,,,,,,,,,,,,,,,,,
event,Noun,,,,,,,,,,,,,,,,,,Event,,,,,,evento,,,,واقعه,,,,,,Évênement,,,,,,,,Događaj,,,,,,,,Evento,,,,,,ព្រឹត្តិការណ៍,,,,,,įvykis,,,,,,,,,,,,,,,,,,,,,,,,,,,,,,,,,,,,,,,,händelse; evenemang,,,,,,,,,,,,,,,,,,,
events,Noun,,,,,,,,,,,,,,,,,,Events,,,,,,eventos,,,,,,,,,,Évênements,,,,,,,,,,,,,,,,eventi,,,,,,ព្រឹត្តិការណ៍ច្រើន,,,,,,,,,,,,,,,,,,,,,,,,,,,,,,,,,,,,,,,,,,,,,,händelser; evenemang,,,,,,,,,,,,,,,,,,,
example,Noun,,,,,,,,,,,,,,,,,,,,,,,,,,,,,,,,,,,,,,,,,,,,,,,,,,esempio,,,,,,ឧទាហរណ៍,,,,,,pavyzdys,,,,,,,,,,,,,,,,,,,,,,,,,,,,,,,,,,,,,,,,,,,,,,,,,,,,,,,,,,,
examples,Noun,,,,,,,,,,,,,,,,,,,,,,,,ejemplos,,,,,,,,,,,,,,,,,,,,,,,,,,esempi,,,,,,ឧទាហរណ៍ច្រើន,,,,,,pavyzdžiai,,,,,,,,,,,,,,,,,,,,,,,,,,,,,,,,,,,,,,,,,,,,,,,,,,,,,,,,,,,
exchange,Noun,,,,صرّاف,,,,,,,,canvi,,,,,,Börse,,"ανταλλαγή, ανταλλακτήριο",αναλόγως το νόημα ,,,casa de cambio,,,,صرافی,منظورش سایتهایی هست که بیت کوین رو exchange میکنن همون صرافی,,,,,bourse de change,,,,,,,,razmjena/mjenjačnica,,tőzsde,,,,,,exchange,"o ""borsa di cambio""",,,,,ការប្តូរ,,,,,,,,,,,,വിനിമയം,,,,,,,,,,uitwisseling / wisselkantoor,Context-dependent,,,,,,,,,,,"обмен, обменник",,,,,,menjalnica,,,,,,börs,,,,,,bozdurma,,обмін,,,,,,,,交易平台,,,
exchange,Verb,,,,تبادل,,,,,,,,,,,,,,,,,,,,intercambio,,,,,,,,,,Échanger,,,,,,,,razmijeniti,,,,,,,,cambiare,"inteso come ""cambio di valuta""",,,,,ដោះដូរ,,,,,,,,,,,,,,,,,,,,,,uitwisselen,,,,,,,,,,,,обменивать,,,,,,,,,,,,utbyta,,,,,,,,обмінювати,,,,,,,,兑换,,,
existing,Noun,,,,,,,,,,,,,,,,,,,,,,,,,,,,,,,,,,,,,,,,,,,,,,,,,,esistente,,,,,,កំពុងនៅមាន,,,,,,,,,,,,,,,,,,,,,,,,,,,,,,,,,,,,,,,,,,,,,,,,,,,,,,,,,,,,,,,,,
fee,Noun,,,,,,,,,,,,,,,,,,,,,,,,comisión,tasa,,,,,,,,,,,,,,,,,,,díj,,,,,,tassa,,,,,,តម្លៃ,,,,,,,,,,,,,,,,,,,,,,,,,,,,,,,,,,,,,,,,,,,,,,,,,,,,,,,,,,,,,,,,,
fees,Noun,,,,رسوم,,,,,,,,,,,,,,,,,,,,comisiones,tasas,,,,,,,,,,,,,,,,,,,díjak,,,,,,tasse,,,,,,តម្លៃច្រើន,,,,,,,,,,,,,,,,,,,,,,,,,,,,,,,,,,,,,,,,,,,,,,avgifter,,,,,,,,,,,,,,,,交易费,,,
fiat currency,Noun,"Surely this must be an error and it should be ""fiat currency""? - FIXED",,,عملة مسطحة,,,,,,,,,,,,,,gesetzliches Zahlungsmittel,,,,,,moneda fiduciaria,se refiere a una moneda que deriva su valor de lo que establece la ley,,,,,,,,,monnaie fiduciaire,,,,,,,,,,fiatpénz,,,,,,moneta fiat,,,,,,រូបិវត្ថុរាបស្មើ,,불환(不換)화폐,한자 생략,,,,,,,,,ഫിയറ്റ് നാണയം,,,,,,,,,,fiduciaire valuta,,,,,,,,,,,,фиатная валюта,,,,,,fiatna valuta,,,,,,fiatpengar,"det ska vara ""fiat currency"" på engelska",,,,,(hükümete bağlı) para birimi,,,,,,,,,,法定货币,,,
find,Verb,,,,,,,,,,,,,,,,,,,,,,,,,,,,,,,,,,,,,,,,,,,,,,,,,,trovare,,,,,,រក,,,,,,,,,,,,,,,,,,,,,,,,,,,,,,,,,,,,,,,,,,,,,,,,,,,,,,,,,,,,,,,,,
firmware,Noun,,,,,,,,,,,,,,,,,,,,,,,,,,,,,,,,,,,,,,,,,,,,,,,,,,,,,,,,,,,,,,,,,,,,,,,,,,,,,,,,,,,,,,,,,,,,,,,,,,,,,,inbyggd programvara,,,,,,,,,,,,,,,,,,,
first,Adjective,,,,,,,,,,,,,,,,,,,,,,,,primeros,,,,,,,,,,Premier,,,,,,,,,,,,,,,,primo,,,,,,ទីបួយ​ ដំបូង,,,,,,,,,,,,,,,,,,,,,,eerste,,,,,,,,,,,,,,,,,,,,,,,,först,,,,,,,,,,,,,,,,,,,
first,Pronoun,,,,,,,,,,,,,,,,,,,,,,,,,,,,,,,,,,premiers,,,,,,,,,,,,,,,,,,,,,,,,,,,,,,,,,,,,,,,,,,,,,,,,,,,,,,,,,,,,,,,,,,,,,,,,,,,,,,,,,,,,,,,
for,Preposition,,,,,,,,,,,,,,,,,,,,,,,,,,,,,,,,,,,,,,,,,,,,,,,,,,per,,,,,,សំរាប់,,,,,,,,,,,,,,,,,,,,,,,,,,,,,,,,,,,,,,,,,,,,,,,,,,,,,,,,,,,,,,,,,
from,Preposition,,,,,,,,,,,,,,,,,,,,,,,,,,,,,,,,,,,,,,,,,,,,,,,,,,da,,,,,,ពី,,,,,,,,,,,,,,,,,,,,,,,,,,,,,,,,,,,,,,,,,,,,,,,,,,,,,,,,,,,,,,,,,
full,Adjective,,,,,,,,,,,,,,,,,,,,,,,,,,,,,,,,,,,,,,,,,,,,,,,,,,pieno,,,,,,ពេញ,,,,,,,,,,,,,,,,,,,,,,,,,,,,,,,,,,,,,,,,,,,,,,fullständig,Microsoft Language Portal,,,,,,,,,,,,,,,,,,
full node,Noun,,,,عقدة كاملة,,,,,,,,,,,,,,Full Node,(adapted from http://bitcoin.org/en/faq#what-does-synchronizing-mean-and-why-does-it-take-so-long),,,,,nodo completo,,,,گره شبکه,,,,,,Noeud complet,,,,,,,,puni čvor,Bitcoin čvor koji ima pohranjen cijeli lanac blokova.,teljes csomópont,,,,,,nodo completo,,,,,,,,,,,,,,,,,,,,,,,,,,,,,,,,,,,,,,,,полный узел,,,,,,polno vozlišče,,,,,,fullständig nod,,,,,,,,,,,,,,,,,,,
fund,Noun,,,,تمويل,,,,,,,,,,,,,,Geld,"@Komodorpudel ""funds"" und ""money"" wird nahezu konsistent mit Geld übersetzt; Für mich ist nur ""money"" ""Geld"". Wie wäre es mit ""Geldmittel"" für ""funds""?",,,,,proveer fondos,,,,,,,,,,fond,,,,,,,,fond,,anyagi forrás,,,,,,fondo,,,,,,,,,,,,,,,,,,നിക്ഷേപം,,,,,,,,,,geld,This is context-dependent for Dutch,,,,,,,,,,,"средства, фонд",,,,,,sklad,,,,,,tillgång,,,,,,fon,,,,,,,,,,资金,,,
funds,Noun,,,,,,,,,,,,,,,,,,,,,,,,,,,,,,,,,,,,,,,,,,,,,,,,,,,,,,,,,,,,,,,,,,,,,,,,,,,,,,,,,,,,,,,,,,,,,,,,sredstva,,,,,,,,,,,,,,,,,,,,,,,,,
fungible,Adjective,,,,,,,,,,,,,,,,,,,,,,,,,,,,,,,,,,,,,,,,,,,,,,,,,,,,,,,,,,,,,,,,,,,,,,,,,,,,,,,,,,,,,,,,,,,,,,,,,,,,,,fungibel,,,,,,,,,,,,,,,,,,,
get,Verb,,,,,,,,,,,,,,,,,,,,,,,,obtener,,,,,,,,,,,,,,,,,,,,,,,,,,ottenere,,,,,,ទទួល,,,,,,,,,,,,,,,,,,,,,,,,,,,,,,,,,,,,,,,,,,,,,,,,,,,,,,,,,,,,,,,,,
glossary,Noun,,,,,,,,,,,,,,,,,,,,,,,,,,,,,,,,,,,,,,,,,,,,,,,,,,glossario,,,,,,សទ្ទានុក្រម,,,,,,,,,,,,,,,,,,,,,,,,,,,,,,,,,,,,,,,,,,,,,,ordlista,,,,,,,,,,,,,,,,,,,
goods,Noun,,,,,,,,,,,,,,,,,,,,,,,,bienes,,,,,,,,,,,,,,,,,,,,,,,,,,beni,,,,,,ទំនិញច្រើន,,,,,,,,,,,,,,,,,,,,,,,,,,,,,,,,,,,,,,,,,,,,,,varor,,,,,,,,,,,,,,,,,,,
guide,Noun,,,,,,,,,,,,,,,,,,,,,,,,guía,,,,,,,,,,Guide,,,,,,,,,,,,,,,,guida,,,,,,មគ្គុទេសករ,,,,,,,,,,,,,,,,,,,,,,,,,,,,,,,,,,,,,,,,,,,,,,guide,,,,,,,,,,,,,,,,指导,,,
guide,Verb,,,,,,,,,,,,,,,,,,,,,,,,guíar,,,,,,,,,,Guider,,,,,,,,,,,,,,,,guidare,,,,,,មគ្គុទេស,,,,,,"vesti, vadovauti",,,,,,,,,,,,,,,,begeleiden,,,,,,,,,,,,,,,,,,,,,,,,guida,,,,,,,,,,,,,,,,,,,
guides,Noun,,,,,,,,,,,,,,,,,,,,,,,,,,,,,,,,,,,,,,,,,,,,,,,,,,guide,,,,,,មគ្គុទេសច្រើន,,,,,,,,,,,,,,,,,,,,,,,,,,,,,,,,,,,,,,,,,,,,,,,,,,,,,,,,,,,,,,,,,
hack,Noun,,,,,,,,,,,,,,,,,,,,,,,,hack,,,,,,,,,,Pirate,,,,,,,,,,,,,,,,hack,,,,,,ការលុកលុយ,,,,,,,,,,,,,,,,,,,,,,,,,,,,,,,,,,взлом,,,,,,,,,,,,,,,,,,,,,,,,,,,,,,,
hacked,Verb,,,,,,,,,,,,,,,,,,,,,,,,hackear,,,,,,,,,,Pirater,,,,,,,,,,,,,,,,violato,,,,,,បានលុកលុយ,,,,,,,,,,,,,,,,,,,,,,,,,,,,,,,,,,,,,,,,,,,,,,,,,,,,,,,,,,,,,,,,,
hacker,Noun,,,,,,,,,,,,,,,,,,,,,,,,,,,,,,,,,,,,,,,,,,,,,,,,,,,,,,,,,,,,,,,,,,,,,,,,,,,,,,,,,,,,,,,,,,,,,,,,,,,,,,hackare,,,,,,,,,,,,,,,,,,,
hardware wallet,Noun,,,,محفظة عتادية,,,,,,,,,,,,,,,,,,,,monedero de hardware,,,,,,,,,,portefeuille matériel,,,,,,,,hardverski novčanik,,hidegtárca,,,,,,portafoglio hardware,,,,,,កាបូបផ្នែករឹង,,하드웨어 지갑,,,,,,,,,,ഹാർഡ്വെയർ പണസഞ്ചി,,,,,,,,,,hardwareportemonnee,,,,,,,,,,,,устройство для хранения биткойнов,,,,,,hardverska denarnica,,,,,,hårdvaruplånbok,,,,,,donanımsal cüzdan,,,,,,,,,,物理钱包,,,
hash,Noun,,,,,,,,,,,,,,,,,,,,,,,,hash,se refiere a una función de un algoritmo,,,,,,,,,,,,,,,,,,,hash,,,,,,hash,,,,,,,,,,,,,,,,,,,,,,,,,,,,,,,,,,,,,,,,хэш-код,,,,,,,,,,,,hash,,,,,,,,,,,,,,,,哈希,,,
hash rate,Noun,,,,معامل التشفير,,,,,,,,,,,,,,,,,,,,,,,,,,,,,,,,,,,,,,stopa hasha,Mjerna jedinica za procesorsku snagu bitcoin mreže.,hashráta,,,,,,hash rate,,,,,,,,,,,,,,,,,,,,,,,,,,,,,,,,,,,,,,,,мощность хэширования,,,,,,hitrost zgoščevanja,,,,,,hashtakt,,,,,,,,,,,,,,,,哈希率,,,
header,Noun,,,,,,,,,,,,,,,,,,,,,,,,,,,,,,,,,,,,,,,,,,,,,,,,,,intestazione,,,,,,,,,,,,Viršutinis kolontitulas,,,,,,,,,,,,,,,,header,,,,,,,,,,,,,,,,,,,,,,,,rubrik,,,,,,,,,,,,,,,,头部,"如上下文指Block Header，翻译为区块头
如上下文指C/C++ Header File，翻译为头文件
如上下文指其他格式中的开头部分，翻译为头
在不同的计算机语言中翻译都不尽相同，尽量采用一种通用表达，无歧义可理解的译文为头部。",,
help,Verb,,,,,,,,,,,,,,,,,,,,,,,,,,,,,,,,,,,,,,,,,,,,,,,,,,aiutare,,,,,,ជូយ,,,,,,,,,,,,,,,,,,,,,,,,,,,,,,,,,,,,,,,,,,,,,,,,,,,,,,,,,,,,,,,,,
here,Adverb,,,,,,,,,,,,,,,,,,,,,,,,,,,,,,,,,,,,,,,,,,,,,,,,,,qui,,,,,,ទីនេះ,,,,,,,,,,,,,,,,,,,,,,,,,,,,,,,,,,,,,,,,,,,,,,,,,,,,,,,,,,,,,,,,,
histories,Noun,,,,,,,,,,,,,,,,,,,,,,,,,,,,,,,,,,,,,,,,,,,,,,,,,,storie,,,,,,ប្រវត្តច្រើន,,,,,,,,,,,,,,,,,,,,,,,,,,,,,,,,,,,,,,,,,,,,,,,,,,,,,,,,,,,,,,,,,
history,Noun,,,,,,,,,,,,,,,,,,,,,,,,,,,,,,,,,,,,,,,,,,,,,,,,,,storia,,,,,,ប្រវត្ត,,,,,,,,,,,,,,,,,,,,,,,,,,,,,,,,,,,,,,,,,,,,,,,,,,,,,,,,,,,,,,,,,
host,Verb,,,,المستقبِل,,,,,,,,,,,,,,lagern,,,,,,anfitrión,no se recomienda traducir,,,,,,,,,héberger,,,,,,,,poslužitelj,,gazda,,,,,,ospitare,,,,,,,,호스트,,,,,,,,,,ആദിത്യം വഹിക്കുക,,,,,,,,,,hosten,,,,,,,,,,,,размещать,,,,,,gostitelj,,,,,,värd,,,,,,tutmak,,хост,,,,,,,,,,託管,
how to,Verb,,,,,,,,,,,,,,,,,,,,,,,,cómo,,,,,,,,,,,,,,,,,,,,,,,,,,come,,,,,,ធ្វើរបៀបណាដើម្បី,,,,,,,,,,,,,,,,,,,,,,,,,,,,,,,,,,,,,,,,,,,,,,,,,,,,,,,,,,,,,,,,,
if,Conjunction,,,,,,,,,,,,,,,,,,,,,,,,,,,,,,,,,,,,,,,,,,,,,,,,,,se,,,,,,បើ,,,,,,,,,,,,,,,,,,,,,,,,,,,,,,,,,,,,,,,,,,,,,,,,,,,,,,,,,,,,,,,,,
illegal,Adjective,,,,,,,,,,,,,,,,,,,,,,,,ilegal,,,,,,,,,,Illégal,,,,,,,,,,,,,,,,illegale,,,,,,មិនស្របច្បាប់,,,,,,nelegalus,,,,,,,,,,,,,,,,illegaal,,,,,,,,,,,,,,,,,,,,,,,,olaglig,"Kan det inte bbetyda ""otillåten"" också?",,,,,,,,,,,,,,,,,,
immaterial,Adjective,,,,,,,,,,,,,,,,,,,,,,,,inmaterial,,,,,,,,,,,,,,,,,,,,,,,,,,immateriale,,,,,,ដែលគ្មានរូបរាង​​ ដែលមិនមានទំនាក់ទំនង,,,,,,,,,,,,,,,,,,,,,,immaterieel,,,,,,,,,,,,,,,,,,,,,,,,immateriell,,,,,,,,,,,,,,,,,,,
in,Preposition,,,,,,,,,,,,,,,,,,,,,,,,,,,,,,,,,,,,,,,,,,,,,,,,,,nel,,,,,,ក្នុង,,,,,,,,,,,,,,,,,,,,,,,,,,,,,,,,,,,,,,,,,,,,,,,,,,,,,,,,,,,,,,,,,
in circulation,,,,,المتداول,,,,,,,,en circulació,,,,,,Umlauf,,,,,,en circulación,,,,,,,,,,en circulation,,,,,,,,u opticaju,,forgalomban lévő,"Pénzforgásra utal, de azt nem nagyon mondjuk, hogy a ""forgásban lévő pénz"". Természetesebb a forgalomban lévőt használni.",,,,,in circolazione,,,,,,,,,,,,apyvartoje,,,,,,പ്രചാരത്തിൽ,,,,,,,,,,in omloop,,,,,,,,em circulação,,,,в обороте,,,,,,v obtoku,,,,,,i cirkulation,,,,,,dolaşımda,,,,,,,,,,,,,
individual,Noun,,,,الفرد,,,,,,,,,,,,,,,,,,,,individual,,,,,,,,,,,,,,,,,,pojedini,,magánszemély,,,,,,individuo,,,,,,,,,,,,individas,,,,,,,,,,,,,,,,individu,,,,,,,,,,,,частный,,,,,,posameznik,,,,,,individ,,,,,,,,приватний,,,,,,,,个体,,,
information,Noun,,,,,,,,,,,,,,,,,,,,,,,,información,,,,,,,,,,,,,,,,,,,,,,,,,,informazioni,,,,,,ព័ត៌មាន,,,,,,informacija,,,,,,,,,,,,,,,,informatie,,,,,,,,,,,,,,,,,,,,,,,,information,,,,,,,,,,,,,,,,信息,,,
initial,Adjective,,,,,,,,,,,,,,,,,,,,,,,,,,,,,,,,,,,,,,,,,,,,,,,,,,iniziale,,,,,,,,,,,,,,,,,,,,,,,,,,,,,,,,,,,,,,,,,,,,,,,,,,,,inledande,,,,,,,,,,,,,,,,,,,
involve,Verb,,,,,,,,,,,,,,,,,,,,,,,,,,,,,,,,,,,,,,,,,,,,,,,,,,coinvolgere,,,,,,ទាក់ទិន,,,,,,,,,,,,,,,,,,,,,,,,,,,,,,,,,,,,,,,,,,,,,,,,,,,,,,,,,,,,,,,,,
involved,Adjective,,,,,,,,,,,,,,,,,,,,,,,,,,,,,,,,,,,,,,,,,,,,,,,,,,coinvolto,,,,,,បានទាក់ទិន,,,,,,,,,,,,,,,,,,,,,,,,,,,,,,,,,,,,,,,,,,,,,,,,,,,,,,,,,,,,,,,,,
is,Verb,,,,,,,,,,,,,,,,,,,,,,,,,,,,,,,,,,,,,,,,,,,,,,,,,,è,,,,,,គឺ,,,,,,,,,,,,,,,,,,,,,,,,,,,,,,,,,,,,,,,,,,,,,,,,,,,,,,,,,,,,,,,,,
issue,Noun,,,,,,,,,,,,,,,,,,,,,,,,informe,,,,,,,,,,,,,,,,,,,,,,,,,,problema,,,,,,កិច្ចការបញ្ហា,,,,,,,,,,,,,,,,,,,,,,,,,,,,,,,,,,,,,,,,,,,,,,ärende,,,,,,,,,,,,,,,,,,,
ledger,Noun,,,,,,,,,,,,,,,,,,,,,,,,libro de transacciones,,,,,,,,,,,,,,,,,,glavna knjiga,"U knjigovodsvu knjiga u koju se zapisuju sve transackije, prihodi i rashodi.",főkönyv,,,,,,libro mastro,,,,,,,,,,,,,,,,,,,,,,,,,,,,,,,,,,,,,,,,регистр,,,,,,knjiga nakazil,,,,,,liggare,,,,,,,,,,,,,,,,,,,
legal,Noun,,,,,,,,,,,,,,,,,,,,,,,,legal,,,,,,,,,,,,,,,,,,,,,,,,,,legale,,,,,,ផ្នែកច្បាប់ ស្របច្បាប់,,,,,,,,,,,,,,,,,,,,,,,,,,,,,,,,,,,,,,,,,,,,,,laglig,,,,,,,,,,,,,,,,,,,
link,Noun,,,,,,,,,,,,,,,,,,,,,,,,,,,,,,,,,,,,,,,,,,,,,,,,,,collegamento,,,,,,តំណភ្ជាប់,,,,,,,,,,,,,,,,,,,,,,,,,,,,,,hiperligação,,,,,,,,,,,,,,,,,,,,,,,,,,,,,,,,链接,,,
links,Noun,,,,,,,,,,,,,,,,,,,,,,,,,,,,,,,,,,,,,,,,,,,,,,,,,,collegamenti,,,,,,តំណភ្ជាប់ច្រើន,,,,,,,,,,,,,,,,,,,,,,,,,,,,,,,,,,,,,,,,,,,,,,,,,,,,,,,,,,,,,,,,,
list,Noun,,,,,,,,,,,,,,,,,,,,,,,,,,,,,,,,,,,,,,,,,,,,,,,,,,elenco,,,,,,បញ្ជី,,,,,,,,,,,,,,,,,,,,,,,,,,,,,,,,,,,,,,,,,,,,,,,,,,,,,,,,,,,,,,,,,
load,Verb,,,,,,,,,,,,,,,,,,,,,,,,,,,,,,,,,,,,,,,,,,,,,,,,,,caricare,,,,,,ទាញ,,,,,,,,,,,,,,,,,,,,,,,,,,,,,,,,,,,,,,,,,,,,,,,,,,,,,,,,,,,,,,,,,
looking for,Verb,,,,,,,,,,,,,,,,,,,,,,,,,,,,,,,,,,,,,,,,,,,,,,,,,,cercare,,,,,,រកមើល,,,,,,,,,,,,,,,,,,,,,,,,,,,,,,,,,,,,,,,,,,,,,,,,,,,,,,,,,,,,,,,,,
mailing list,Noun,,,,لائحة بريد,,,,,,,,adreces electròniques,,,,,,Mailingliste,,,,,,lista de correos,,,,,,,,,,liste de diffusion,,,,,,,,mailing lista,,levelezőlista,,,,,,mailing list,,,,,,,,,,,,,,,,,,തപാൽ പട്ടിക,,,,,,,,,,mailinglist,,,,,,,,,,,,список рассылки,,,,,,dopisni seznam,,,,,,e-postlista,,,,,,e-posta listesi,,список адресатів,,,,,,,,邮件列表,,,
major,Adverb,,,,,,,,,,,,,,,,,,,,,,,,mayor,"también puede ser alcalde, dependel del contexto",,,,,,,,,,,,,,,,,,,,,,,,,maggiore,,,,,,ចម្បង,,,,,,,,,,,,,,,,,,,,,,,,,,,,,,,,,,,,,,,,,,,,,,större,,,,,,,,,,,,,,,,,,,
malware,Noun,,,,,,,,,,,,,,,,,,,,,,,,,,,,,,,,,,,,,,,,,,,,,,,,,,,,,,,,,,,,,,,,,,,,,,,,,,,,,,,,,,,,,,,,,,,,,,,,,,,,,,skadlig kod,,,,,,,,,,,,,,,,,,,
material,Noun,,,,,,,,,,,,,,,,,,,,,,,,,,,,,,,,,,,,,,,,,,,,,,,,,,materiale,,,,,,វត្ថុធាតុដើម,,,,,,,,,,,,,,,,,,,,,,,,,,,,,,,,,,,,,,,,,,,,,,,,,,,,,,,,,,,,,,,,,
merchant,Noun,,,,بائع,,,,,,,,,,,,,,,,,,,,mercader,,,,,,,,,,,,,,,,,,trgovac,,kereskedő,,,,,,commerciante,,,,,,,,,,,,,,,,,,,,,,,,,,,,winkelier; verkoper,Context-dependent,,,,,,,,,,,торговец,,,,,,trgovec,,,,,,handlare,,,,,,,,,,,,,,,,商户,,,
miner,Noun,,,,منقب,,,,,,,,,,,,,,,,εξορύκτης-ες,,,,minero,,,,,,,,,,Mineur,,,,,,,,rudar,,bányász,,,,,,minatore,,,,,,,,,,,,,,,,,,,,,,,,,,,,miner,,,,,,,,minerador,,,,майнер,,,,,,rudar,,,,,,brytare,,,,,,,,шахтар,,,,,,,,矿工,也可泛指挖矿的个体或组织，注意语境,,
miners,Noun,,,,,,,,,,,,,,,,,,,,,,,,,,,,,,,,,,Mineurs,,,,,,,,,,bányászok,,,,,,minatori,,,,,,,,,,,,,,,,,,,,,,,,,,,,,,,,,,,,,,,,,,,,,,,,,,,,,,,,,,,,,,,,,,,,,,,
mining,Noun,,,,تنقيب,,,,,,,,mineria,,,,,,Mining,,,,,,minería,,,,,,,,,,minage,,,,,,,,rudarenje,,bányászat,,,,,,mining,,,,,,,,채굴,,,,,,rakšana,,,,ഖനനം,,,,,,,,,,mining,Leave in English,,,,,,,exploração,,,,майнинг,Процесс добычи биткойнов и поддержания работы сети,,,,,rudarjenje,,,,,,"grävning, brytning","Either one (see https://it-ord.idg.se/ord/bitcoin/) Let's avoid ""utvinning"" as that term refers to the process of ""data mining"".",,,,,madencilik,,видобуток,,,,,,,,挖矿,,挖礦,探勘
mining pool,Noun,,,,مجمع تنقيب,,,,,,,,,,,,,,,,,,,,consorcio de minería,,,,,,,,,,Piscine de minage,,,,,,,,rudarski bazen,,bányászati közösség,,,,,,pool di mining,,,,,,,,,,,,,,,,,,,,,,,,,,,,,,,,,,,,,,,,майнинг-пул,,,,,,rudarsko združenje,,,,,,brytningspool,,,,,,,,пул для майнінгу,,,,,,,,矿池,,,
mixing servicе,Noun,,,,,,,,,,,,,,,,,,,,,,,,servicio de mezclado,,,,,,,,,,,,,,,,,,mikser/mješalica,usluga za povećanje anonimnosti bitcoin transakcija,,,,,,,servizio di miscelazione,,,,,,,,,,,,,,,,,,,,,,,,,,,,,,,,,,,,,,,,биткойн-миксер,,,,,,,,,,,,mixertjänst,,,,,,,,,,,,,,,,混合服务,,,
mobile wallet,Noun,,,,محفظة محمول,,,,,,,,,,,,,,,,,,,,monedero móvil,,,,,,,,,,,,,,,,,,mobilni novčanik,Novčanik koji se koristi na mobitelu,mobilpénztárca,,,,,,portafoglio mobile,,,,,,កាបូបចល័ត,,,,,,mobili piniginė,,,,,,,,,,,,,,,,mobiele portemonnee,,,,portfel mobilny,,,,,,,,мобильный кошелек,,,,,,mobilna denarnica,,,,,,mobil plånbok,,,,,,,,мобільний гаманець,,,,,,,,移动端钱包,,,
mode,Noun,,,,,,,,,,,,,,,,,,,,,,,,,,,,,,,,,,,,,,,,,,,,,,,,,,procedura,,,,,,ម៉ូត,,,,,,,,,,,,,,,,,,,,,,,,,,,,,,,,,,,,,,,,,,,,,,,,,,,,,,,,,,,,,,,,,
modes,Noun,,,,,,,,,,,,,,,,,,,,,,,,,,,,,,,,,,,,,,,,,,,,,,,,,,procedure,,,,,,ម៉ូតច្រើន,,,,,,,,,,,,,,,,,,,,,,,,,,,,,,,,,,,,,,,,,,,,,,,,,,,,,,,,,,,,,,,,,
money,Noun,,,,نقود,,,,,,,,,,,,,,Geld,,,,,,dinero,,,,,,,,,,monnaie,,,,,,,,novac,,pénz,,,,,,denaro,,,,ფული,,លុយ,,,,,,pinigai,,,,,,പണം,,,,,,,,,,geld,,,,,,,,dinheiro,,,,деньги,,,,,,denar,,,,,,pengar,,,,,,para,,гроші,,,,,,,,,,貨幣,金錢
more,Adjective,,,,,,,,,,,,,,,,,,,,,,,,,,,,,,,,,,,,,,,,,,,,,,,,,,di più,,,,,,ច្រើន,,,,,,,,,,,,,,,,,,,,,,,,,,,,,,,,,,,,,,,,,,,,,,,,,,,,,,,,,,,,,,,,,
most of the,Adjective,,,,,,,,,,,,,,,,,,,,,,,,,,,,,,,,,,,,,,,,,,,,,,,,,,la maggior parte delle,,,,,,ច្រើនបំផុត,,,,,,,,,,,,,,,,,,,,,,,,,,,,,,,,,,,,,,,,,,,,,,,,,,,,,,,,,,,,,,,,,
multi-signature,Adjective,,,,تواقيع متعددة,,,,,,,,,,,,,,Multi-Signatur,,,,,,Firma-múltiple,,,,,,,,,,multi-signatures,,,,,,,,višepotpisni,transakcija s više potpisa,csoportos aláírás,,Multi-signature,"Multi-signature adalah metode penandatangan digital yang dilakukan oleh beberapa pengguna dalam satu dokumen tunggal. Di dalam bitcoin, sebuah transaksi dengan multi-signature ini akan membutuhkan key lebih dari satu untuk memberikan otorisasi transaksi tersebut.",,,multi-firma,,,,,,,,,,,,,,,,,,കൂട്ടഒപ്പ്,,,,,,,,,,meervoudige ondertekening,Context-dependent,,,,,,,,,,,мульти-подпись,когда требуется подпись нескольких человек,,,,,večstranski podpis,,,,,,multi-signatur,,,,,,çoklu-imza,,,,,,,,,,多重签名,多重签名,多重簽章,
multisig,Adjective,,,,,,,,,,,,,,,,,,,,,,,,multifirma,,,,,,,,,,,,,,,,,,,,,,,,,,,,,,,,,,,,,,,,,,,,,,,,,,,,,,,,,,,,,,,,,,,,,,,,večstransko podpisovanje,,,,,,,,,,,,,,,,,,,,,,,,,
network,Noun,,,,,,,,,,,,,,,,,,,,,,,,red,,,,,,,,,,,,,,,,,,,,hálózat,,,,,,rete,,,,,,បណ្តាញ,,,,,,,,,,,,,,,,,,,,,,,,,,,,,,,,,,,,,,,,,,,,,,,,,,,,,,,,,,,,,,,,,
new,Adjective,,,,,,,,,,,,,,,,,,,,,,,,,,,,,,,,,,,,,,,,,,,,,,,,,,nuovo,,,,,,ថ្មី,,,,,,,,,,,,,,,,,,,,,,,,,,,,,,,,,,,,,,,,,,,,,,,,,,,,,,,,,,,,,,,,,
no,Adjective,,,,,,,,,,,,,,,,,,,,,,,,,,,,,,,,,,,,,,,,,,,,,,,,,,nessuno,,,,,,គ្មាន,,,,,,,,,,,,,,,,,,,,,,,,,,,,,,,,,,,,,,,,,,,,,,,,,,,,,,,,,,,,,,,,,
non-profit organization,,,,,,,,,,,,,,,,,,,,,,,,,organización sin fines de lucro,,,,,,,,,,,,,,,,,,neprofitna organizacija,,,,,,,,organizzazione no-profit,,,,,,,,,,,,nepelno siekianti organizacija,,,,,,,,,,,,,,,,non-profitorganisatie,,,,,,,,,,,,,,,,,,,,,,,,icke vinstdrivande organisation,,,,,,,,,,,,,,,,,,,
not,Adverb,,,,,,,,,,,,,,,,,,,,,,,,,,,,,,,,,,,,,,,,,,,,,,,,,,non,,,,,,មិន,,,,,,,,,,,,,,,,,,,,,,,,,,,,,,,,,,,,,,,,,,,,,,,,,,,,,,,,,,,,,,,,,
number,Noun,,,,,,,,,,,,,,,,,,,,,,,,,,,,,,,,,,,,,,,,,,,,,,,,,,numero,,,,,,លេខ,,,,,,,,,,,,,,,,,,,,,,,,,,,,,,,,,,,,,,,,,,,,,,,,,,,,,,,,,,,,,,,,,
numbers,Noun,,,,,,,,,,,,,,,,,,,,,,,,,,,,,,,,,,,,,,,,,,,,,,,,,,numeri,,,,,,លេខច្រើន,,,,,,,,,,,,,,,,,,,,,,,,,,,,,,,,,,,,,,,,,,,,,,,,,,,,,,,,,,,,,,,,,
of,Preposition,,,,,,,,,,,,,,,,,,,,,,,,,,,,,,,,,,,,,,,,,,,,,,,,,,di,,,,,,នៃ,,,,,,,,,,,,,,,,,,,,,,,,,,,,,,,,,,,,,,,,,,,,,,,,,,,,,,,,,,,,,,,,,
offline,Adjective,,,,,,,,,,,,,,,,,,,,,,,,,,,,,,,,,,,,,,,,,,,,,,,,,,,,,,,,,,,,,,,,,,,,,,,,,,,,,,,,,,,,,,,,,,,,,,,,,,,,,,offline,,,,,,,,,,,,,,,,,,,
on,Preposition,,,,,,,,,,,,,,,,,,,,,,,,,,,,,,,,,,,,,,,,,,,,,,,,,,sopra,,,,,,លើ,,,,,,,,,,,,,,,,,,,,,,,,,,,,,,,,,,,,,,,,,,,,,,,,,,,,,,,,,,,,,,,,,
on the,Conjunction,,,,,,,,,,,,,,,,,,,,,,,,,,,,,,,,,,,,,,,,,,,,,,,,,,sul,,,,,,នៅលើ,,,,,,,,,,,,,,,,,,,,,,,,,,,,,,,,,,,,,,,,,,,,,,,,,,,,,,,,,,,,,,,,,
online,Adjective,,,,,,,,,,,,,,,,,,,,,,,,,,,,,,,,,,,,,,,,,,,,,,,,,,,,,,,,,,,,,,,,,,,,,,,,,,,,,,,,,,,,,,,,,,,,,,,,,,,,,,online,,,,,,,,,,,,,,,,,,,
online wallet,Noun,,,,محفظة مشبوكة,,,,,,,,,,,,,,,,,,,,monedero en línea,,,,,,,,,,portefeuille en ligne,,,,,,,,online novčanik,,online tárca,,,,,,portafoglio online,,,,,,កាបូបបណ្តាញ,,,,,,internetinė piniginė,,,,,,ഓൺലൈൻ പണസഞ്ചി,,,,,,,,,,webportemonnee,,,,portfel online,,,,,,,,онлайн кошелек,,,,,,spletna denarnica,,,,,,onlineplånbok,,,,,,çevrim içi cüzdan,,онлайн гаманець,,,,,,,,在线钱包,,,
open source,Adjective,,,,مفتوح المصدر,,,,,,,,,,,,,,Open Source,,,,,,código abierto,,,,,,,,,,libre et ouvert,,,,,,,,otvoreni kod,,nyílt forráskódú,,,,,,open source,,,,,,ដែលបើកចំហរកូដ,,,,,,atvirojo kodo,,,,,,ഓപൺ സോഴ്സ്,,,,,,,,,,opensource,,,,,,,,código aberto,,,,с открытым исходным кодом,исходный текст программы может посмотреть каждый,,,,,odprtokoden,,,,,,baserad på öppen källkod,,,,,,açık kaynak,,відкритий код,,,,,,,,开源,, 開放原始碼,
open source project,Noun,,,,,,,,,,,,,,,,,,Open-Source-Projekt,,,,,,proyecto de código abierto,,,,,,,,,,,,,,,,,,,,,,,,,,progetto open source,,,,,,,,,,,,atvirojo kodo projektas,,,,,,,,,,,,,,,,,,,,,,,,,,,,,,,,,,,,,,,,projekt baserat på öppen källkod,,,,,,,,,,,,,,,,开源项目,,,
open-source,Adjective,,,,,,,,,,,,,,,,,,Open Source,,,,,,código abierto,,,,,,,,,,,,,,,,,,otvorenog koda,,,,,,,,open-source,,,,,,ដែលបើកចំហរកូដ,,,,,,atvirojo kodo,,,,,,,,,,,,,,,,,,,,,,,,,,,,с открытым исходным кодом,,,,,,,,,,,,baserad på öppen källkod,,,,,,,,,,,,,,,,开源的,,,
operating,Verb,,,,,,,,,,,,,,,,,,,,,,,,,,,,,,,,,,,,,,,,,,,,,,,,,,operare,,,,,,កំពុងប្រតិបត្តិការ,,,,,,,,,,,,,,,,,,,,,,,,,,,,,,,,,,,,,,,,,,,,,,,,,,,,,,,,,,,,,,,,,
other,Preposition,,,,,,,,,,,,,,,,,,,,,,,,,,,,,,,,,,,,,,,,,,,,,,,,,,altro,,,,,,ផ្សេង,,,,,,,,,,,,,,,,,,,,,,,,,,,,,,,,,,,,,,,,,,,,,,,,,,,,,,,,,,,,,,,,,
over,Preposition,,,,,,,,,,,,,,,,,,,,,,,,,,,,,,,,,,,,,,,,,,,,,,,,,,oltre,,,,,,លើ,,,,,,,,,,,,,,,,,,,,,,,,,,,,,,,,,,,,,,,,,,,,,,,,,,,,,,,,,,,,,,,,,
override,Noun,,,,,,,,,,,,,,,,,,,,,,,,,,,,,,,,,,,,,,,,,,,,,,,,,,passare sopra,,,,,,ការលុបចាស់ចោល,,,,,,,,,,,,,,,,,,,,,,,,,,,,,,,,,,,,,,,,,,,,,,åsidosättande,,,,,,,,,,,,,,,,,,,
override,Verb,,,,,,,,,,,,,,,,,,,,,,,,,,,,,,,,,,,,,,,,,,,,,,,,,,,,,,,,,,,,,,,,,,,,,,,,,,,,,,,,,,,,,,,,,,,,,,,,,,,,,,åsidosätta,,,,,,,,,,,,,,,,,,,
overview,Noun,,,,,,,,,,,,,,,,,,,,,,,,,,,,,,,,,,,,,,,,,,,,,,,,,,panoramica,,,,,,ពិនិត្យឡើងវិញ,,,,,,,,,,,,,,,,,,,,,,,,,,,,,,,,,,,,,,,,,,,,,,översikt,,,,,,,,,,,,,,,,,,,
own,Adjective,,,,,,,,,,,,,,,,,,,,,,,,,,,,,,,,,,,,,,,,,,,,,,,,,,proprio,,,,,,ម្ចាស់,,,,,,,,,,,,,,,,,,,,,,,,,,,,,,,,,,,,,,,,,,,,,,,,,,,,,,,,,,,,,,,,,
partial,Adjective,,,,,,,,,,,,,,,,,,,,,,,,,,,,,,,,,,,,,,,,,,,,,,,,,,parziale,,,,,,ចំណែក,,,,,,,,,,,,,,,,,,,,,,,,,,,,,,,,,,,,,,,,,,,,,,,,,,,,,,,,,,,,,,,,,
passphrase ,,,,,,,,,,,,,,,,,,,,,,,,,,,,,,,,,,,Phrase secrète,,,,,,,,lozinka,,,,,,,,frase d'accesso,,,,,,ឃ្លាសម្ងាត់,,,,,,,,,,,,,,,,,,,,,,,,,,,,,,,,,,,,,,,,,,,,,,lösenfras,,,,,,,,,,,,,,,,密码短文,,,
password,Noun,,,,,,,,,,,,,,,,,,,,,,,,"clave, contraseña",,,,,,,,,,,,,,,,,,,,,,,,,,,,,,,,,,,,,,,,,,,,,,,,,,,,,,,,,,,,,,,,,,,,,,,,,,,,,,,,,,,,,,,,,,,,,,,,,
payment,Noun,,,,أداء,,,,,,,,,,,,,,,,,,,,pago,,,,,,,,,,Paiement,,,,,,,,plaćanje,,fizetés/utalás,Kontextusában kell kezelni.,,,,,pagamento,,,,,,ការទូទាត់,,,,,,,,,,,,,,,,,,,,,,betaling,,,,,,,,,,,,платеж,,,,,,plačilo,,,,,,betalning,,,,,,,,платіж,,,,,,,,支付,,,
payment network,Noun,,,,شبكة أداء,,,,,,,,,,,,,,Zahlungsnetzwerk,,,,,,red de pagos,,,,,,,,,,réseau de paiement,,,,,,,,platna mreža,,fizetési hálózat,,,,,,rete di pagamento,,,,,,បណ្តាញទូទាត់,,,,,,,,,,,,പണമടക്കൽ ശൃംഖല,,,,,,,,,,betalingsnetwerk,,,,,,,,,,,,платежная сеть,,,,,,plačilno omrežje,,,,,,betalningsnätverk,,,,,,ödeme ağı,,платіжна система,,,,,,,,支付网络,,,
payment processing,Noun,,,,,,,,,,,,,,,,,,,,,,,,,,,,,,,,,,,,,,,,,,,,,,,,,,,,,,,,,,,,,,,,,,,,,,,,,,,,,,,,,,,,,,,,,,,,,,,,obdelava plačil,,,,,,betalningshantering,,,,,,,,,,,,,,,,,,,
payment request,Noun,,,,,,,,,,,,,,,,,,,,,,,,,,,,,,,,,,,,,,,,,,,,,,,,,,,,,,,,,,,,,,,,,,,,,,,,,,,,,,,,,,,,,,,,,,,,,,,,,,,,,,betalningsbegäran,,,,,,,,,,,,,,,,,,,
payment system,,,,,,,,,,,,,,,,,,,,,,,,,sistema de pagos,,,,,,,,,,Système de paiement,,,,,,,,platni sustav,,,,,,,,sistema di pagamento,,,,,,ប្រព័ន្ឋទូទាត់,,,,,,,,,,,,,,,,,,,,,,betaalsysteem,,,,,,,,,,,,платежная система,,,,,,,,,,,,betalningssystem,,,,,,,,,,,,,,,,支付系统,,,
peer-to-peer,Adjective,,,,ند لند,,,,,,,,,,,,,,peer-to-peer,,,,,,de igual a igual,,,,,,,,,,pair-à-pair,,,,,,,,,,peer-to-peer/direkt,"Nem fordítanám le, de ha mégis, akkor a ""pontól-pontig"" vagy a ""rendszeregyenrangú"" megoldások közül lehet választani: http://www.szomagyarito.hu/szocikk.php?id=190
Én itt hozzáadnám a ""direkt"" szót, mert voltaképp arról van szó. ",,,,,peer-to-peer,,,,,,ដែលភ្ជាប់ពីមួយទៅមួយ,,,,,,,,,,,,പിയർ-ടു-പിയർ,,,,,,,,,,peer-to-peer; p2p,,,,,,,,,,,,децентрализованный,пиринговый,,,,,vrstniški,,,,,,icke-hierarkisk,,,,,,eşler arası,,peer-to-peer,,,,,,,,P2P,,"點對點（P2P, Peer-to-peer）",
people,Noun,,,,,,,,,,,,,,,,,,Menschen,,,,,,,,,,,,,,,,,,,,,,,,,,,,,,,,persone,,,,,,,,,,,,,,,,,,,,,,,,,,,,,,,,,,,,,,,,,,,,,,,,,,,,,,,,,,,,,,,,,,,,,,,
place,Verb,,,,,,,,,,,,,,,,,,,,,,,,,,,,,,,,,,,,,,,,,,,,,,,,,,mettere,,,,,,ទីកន្លែង,,,,,,,,,,,,,,,,,,,,,,,,,,,,,,,,,,,,,,,,,,,,,,,,,,,,,,,,,,,,,,,,,
places,Verb,,,,,,,,,,,,,,,,,,,,,,,,,,,,,,,,,,,,,,,,,,,,,,,,,,piazzare,,,,,,ធ្វើទីកន្លែងច្រើន,,,,,,,,,,,,,,,,,,,,,,,,,,,,,,,,,,,,,,,,,,,,,,,,,,,,,,,,,,,,,,,,,
please,,,,,رجاءً,,,,,,,,,,,,,,,,,,,,complacer,también puede ser: por favor. Depende del contexto,,,,,,,,,s'il te plait,,,,,,,,molim,,kérjük,"Mindig használjunk többes számot, így szokás (és végső soron így helyes, mivel sokan vesznek részt a projektben).",,,,,per favore,,,,,,សូម,,,,,,,,,,,,,,,,,,,,,,alstublieft,,,,,,,,,,,,пожалуйста,,,,,,prosimo,,,,,,snälla,"Använd med försiktighet. På svenska utelämnas oftast ""Please"" vid översättning.",,,,,,,будь-ласка,,,,,,,,,,,
ponzi scheme,Noun,,,,,,,,,,,,,,,,,,,,,,,,,,,,,,,,,,,,,,,,,,,,,,,,,,,,,,,,,,,,,,,,,,,,,,,,,,,,,,,,,,,,,,,,,,,,,,,,,,,,,,ponzibedrägeri,,,,,,,,,,,,,,,,,,,
possibilities,Noun,,,,,,,,,,,,,,,,,,,,,,,,,,,,,,,,,,,,,,,,,,,,,,,,,,possibilità,,,,,,លទ្ធភាព,,,,,,,,,,,,,,,,,,,,,,,,,,,,,,,,,,,,,,,,,,,,,,,,,,,,,,,,,,,,,,,,,
post,Noun,,,,,,,,,,,,,,,,,,,,,,,,,,,,,,,,,,,,,,,,,,,,,,,,,,messaggio,,,,,,បុស្តិ៍,,,,,,,,,,,,,,,,,,,,,,,,,,,,,,,,,,,,,,,,,,,,,,,,,,,,,,,,,,,,,,,,,
posts,Noun,,,,,,,,,,,,,,,,,,,,,,,,,,,,,,,,,,,,,,,,,,,,,,,,,,messaggi,,,,,,បុស្តិ៍ច្រើន,,,,,,,,,,,,,,,,,,,,,,,,,,,,,,,,,,,,,,,,,,,,,,,,,,,,,,,,,,,,,,,,,
privacy,Noun,,,,,,,,,,,,,,,,,,,,,,,,privacidad,,,,,,,,,,,,,,,,,,privatnost,,,,,,,,privacy,,,,,,ឯកជនភាព,,,,,,,,,,,,,,,,,,,,,,privacy,,,,,,,,,,,,конфиденциальность,,,,,,,,,,,,integritet,,,,,,,,,,,,,,,,,,,
private key,Noun,,,,مفتاح شخصي,,,,,,,,,,,,,,,,,,,,llave privada,,,,,,,,,,clé privée,,,,,,,,privatni ključ,,privát kulcs,,,,,,chiave privata,,,,,,ឃីកូដឯកជន,,,,,,,,,,,,സ്വകാര്യ ചാവി,,,,,,,,,,geheime sleutel,,,,,,,,chave privada,,,,секретный ключ,,,,,,zasebni ključ,,,,,,privat nyckel,,,,,,özel anahtar,,приватний ключ,,,,,,,,私钥,,私密金鑰,私鑰
process,Noun,,,,,,,,,,,,,,,,,,Verfahren,,,,,,proceso,,,,,,,,,,traitement,,,,,,,,proces,,folyamat/eljárás,,,,,,processo,,,,,,ដំណើរការ,,,,,,,,,,,,പ്രക്രിയ,,,,,,,,,,proces,,,,,,,,processo,,,,процесс,,,,,,postopek,,,,,,process,,,,,,süreç,,процес,,,,,,,,,,,
processing,Noun,,,,,,,,,,,,,,,,,,,,,,,,,,,,,,,,,,,,,,,,,,,,,,,,,,lavorazione,,,,,,ដំណើរការ,,,,,,,,,,,,,,,,,,,,,,,,,,,,,,,,,,,,,,,,,,,,,,"hantering, bearbetning","betalningshantering, transaktionsbearbetning",,,,,,,,,,,,,,,,,,
processing,Verb,,,,,,,,,,,,,,,,,,,,,,,,,,,,,,,,,,,,,,,,,,,,,,,,,,processare,,,,,,កំពុងដំណើរការ,,,,,,,,,,,,,,,,,,,,,,,,,,,,,,,,,,,,,,,,,,,,,,,,,,,,,,,,,,,,,,,,,
program,Noun,,,,,,,,,,,,,,,,,,,,,,,,,,,,,,,,,,,,,,,,,,,,,,,,,,programma,,,,,,កម្មវិធី,,,,,,,,,,,,,,,,,,,,,,,,,,,,,,,,,,,,,,,,,,,,,,,,,,,,,,,,,,,,,,,,,
programs,Noun,,,,,,,,,,,,,,,,,,,,,,,,,,,,,,,,,,,,,,,,,,,,,,,,,,programmi,,,,,,កម្មវិធីច្រើន,,,,,,,,,,,,,,,,,,,,,,,,,,,,,,,,,,,,,,,,,,,,,,,,,,,,,,,,,,,,,,,,,
project,Noun,,,,,,,,,,,,,,,,,,,,,,,,,,,,,,,,,,,,,,,,,,,,,,,,,,progetto,,,,,,គំរោង,,,,,,,,,,,,,,,,,,,,,,,,,,,,,,,,,,,,,,,,,,,,,,,,,,,,,,,,,,,,,,,,,
proof of work,Noun,,,,,,,,,,,,,,,,,,,,,,,,prueba de trabajo,,,,,,,,,,Preuve de travail,,,,,,,,dokaz rada,rješavanje kriptografskog problema u zaglavlju bitcoin bloka,,,,,,,prova di lavoro,,,,,,ភស្តុតាងនៃការងារ,,,,,,,,,,,,,,,,,,,,,,,,,,,,,,,,,,доказательство работы,,,,,,dokaz dela,,,,,,bevis-på-arbete,,,,,,,,,,,,,,,,工作量证明,,,
protection,Noun,,,,,,,,,,,,,,,,,,,,,,,,,,,,,,,,,,,,,,,,,,,,,,,,,,protezione,,,,,,ការគាំពារ,,,,,,,,,,,,,,,,,,,,,,,,,,,,,,,,,,,,,,,,,,,,,,,,,,,,,,,,,,,,,,,,,
public key,Noun,,,,,,,,,,,,,,,,,,,,,,,,llave pública,,,,,,,,,,Clé Public,,,,,,,,javni ključ,,,,,,,,chiave pubblica,,,,,,ឃីកូដសាធារណ,,,,,,,,,,,,,,,,,,,,,,openbare sleutel,,,,,,,,,,,,открытый ключ,,,,,,,,,,,,publik nyckel,,,,,,,,,,,,,,,,公钥,,,
public ledger,Noun,,,,,,,,,,,,,,,,,,öffentliches Buchungssystem,,,,,,libro de transacciones público,,,,,,,,,,grand livre public,,,,,,,,javna glavna knjiga,,,,,,,,libro mastro pubblico,,,,,,,,,,,,,,publiska virsgrāmata,,,,പൊതു കണക്കുപുസ്‌തകം,,,,,,,,,,openbaar register,,,,,,,,,,,,публичный регистр,,,,,,javna knjiga,,,,,,publik liggare,,,,,,açık defter,,,,,,,,,,,,,
pull request,,,,,,,,,,,,,,,,,,,,,,,,,,,,,,,,,,,,,,,,,,,,,,,,,,,pull request,,,,,,,,,,,,,,,,,,,,,,,,,,,,,,,,,,,,,,,,,,,,,,,,,,,,pull-begäran,Enligt Microsoft Terminology Collection,,,,,,,,,,,,,,,拉取请求,建议有英文注释,,
purchase,,,,,,,,,,,,,,,,,,,,,,,,,comprar ,,,,,,,,,,,,,,,,,,,,,,,,,,acquisto,,,,,,,,,,,,,,,,,,,,,,,,,,,,,,,,,,,,,,,,,,,,,,,,,,,,inköp,,,,,,,,,,,,,,,,购买,,,
pyramid,Noun,,,,,,,,,,,,,,,,,,,,,,,,pirámide,,,,,,,,,,,,,,,,,,,,,,,,,,piramide,,,,,,ពីរ៉ាមីត,,,,,,,,,,,,,,,,,,,,,,,,,,,,,,,,,,,,,,,,,,,,,,,,,,,,,,,,,,,,,,,,,
ransomware,Noun,,,,,,,,,,,,,,,,,,,,,,,,,,,,,,,,,,,,,,,,,,,,,,,,,,,,,,,,,,,,,,,,,,,,,,,,,,,,,,,,,,,,,,,,,,,,,,,,,,,,,,utpressningstrojan,,,,,,,,,,,,,,,,,,,
recover,Noun,,,,,,,,,,,,,,,,,,,,,,,,,,,,,,,,,,,,,,,,,,,,,,,,,,,,,,,,,,,,,,,,,,,,,,,,,,,,,,,,,,,,,,,,,,,,,,,,,,,,,,återställa,,,,,,,,,,,,,,,,,,,
redirect,Verb,,,,,,,,,,,,,,,,,,,,,,,,,,,,,,,,,,,,,,,,,,,,,,,,,,reindirizzare,,,,,,,,,,,,,,,,,,,,,,,,,,,,,,,,,,,,,,,,,,,,,,,,,,,,omdirigera,,,,,,,,,,,,,,,,重定向,,,
reference,Noun,,,,,,,,,,,,,,,,,,,,,,,,,,,,,,,,,,,,,,,,,,,,,,,,,,riferimento,,,,,,សេចក្តីព្រាង,,,,,,,,,,,,,,,,,,,,,,,,,,,,,,,,,,,,,,,,,,,,,,,,,,,,,,,,,,,,,,,,,
reference,Verb,,,,,,,,,,,,,,,,,,,,,,,,,,,,,,,,,,,,,,,,,,,,,,,,,,citare,,,,,,យោង,,,,,,,,,,,,,,,,,,,,,,,,,,,,,,,,,,,,,,,,,,,,,,,,,,,,,,,,,,,,,,,,,
regular,Adjective,,,,,,,,,,,,,,,,,,,,,,,,,,,,,,,,,,,,,,,,,,,,,,,,,,regolare,,,,,,ទៀងទាត់,,,,,,,,,,,,,,,,,,,,,,,,,,,,,,,,,,,,,,,,,,,,,,,,,,,,,,,,,,,,,,,,,
regulated,Adjective,,,,,,,,,,,,,,,,,,,,,,,,regulado,,,,,,,,,,,,,,,,,,,,,,,,,,regolato,,,,,,ដែលទៀងទាត់,,,,,,,,,,,,,,,,,,,,,,,,,,,,,,,,,,,,,,,,,,,,,,reglerad,,,,,,,,,,,,,,,,,,,
relate,Verb,,,,,,,,,,,,,,,,,,,,,,,,,,,,,,,,,,,,,,,,,,,,,,,,,,rapportare,,,,,,ជាប់ទាក់ទិន,,,,,,,,,,,,,,,,,,,,,,,,,,,,,,,,,,,,,,,,,,,,,,,,,,,,,,,,,,,,,,,,,
related,Adjective,,,,,,,,,,,,,,,,,,,,,,,,,,,,,,,,,,,,,,,,,,,,,,,,,,collegato,,,,,,បានជាប់ទាក់ទិន,,,,,,,,,,,,,,,,,,,,,,,,,,,,,,,,,,,,,,,,,,,,,,,,,,,,,,,,,,,,,,,,,
release,Verb,,,,,,,,,,,,,,,,,,,,,,,,,,,,,,,,,,,,,,,,,,,,,,,,,,rilasciare,"o ""pubblicare""",,,,,ចេញផ្សាយ,,,,,,,,,,,,,,,,,,,,,,,,,,,,,,,,,,,,,,,,,,,,,,,,,,,,,,,,,,,,,,,,,
remote,Adjective,,,,,,,,,,,,,,,,,,,,,,,,,,,,,,,,,,,,,,,,,,,,,,,,,,,,,,,,,,,,,,,,,,,,,,,,,,,,,,,,,,,,,,,,,,,,,,,,,,,,,,fjärr-,,,,,,,,,,,,,,,,,,,
report,Noun,,,,,,,,,,,,,,,,,,,,,,,,informe,,,,,,,,,,,,,,,,,,,,,,,,,,relazione,,,,,,របាយការណ៍,,,,,,,,,,,,,,,,,,,,,,,,,,,,,,,,,,,,,,,,,,,,,,,,,,,,,,,,,,,,,,,,,
report,Verb,,,,,,,,,,,,,,,,,,,,,,,,informe,,,,,,,,,,,,,,,,,,,,,,,,,,segnalare,,,,,,ធ្វើរបាយការណ៍,,,,,,,,,,,,,,,,,,,,,,,,,,,,,,,,,,,,,,,,,,,,,,,,,,,,,,,,,,,,,,,,,
reports,Noun,,,,,,,,,,,,,,,,,,,,,,,,informes,,,,,,,,,,,,,,,,,,,,,,,,,,relazioni,,,,,,របាយការណ៍ច្រើន,,,,,,,,,,,,,,,,,,,,,,,,,,,,,,,,,,,,,,,,,,,,,,,,,,,,,,,,,,,,,,,,,
repository,Noun,,,,,,,,,,,,,,,,,,,,,,,,repositorio,,,,,,,,,,,,,,,,,,repozitorij,,repozitórium,http://hu.wikipedia.org/wiki/Repozit%C3%B3rium,,,,,repository,luogo di stoccaggio/deposito ,,,,,ឃ្លាំង,,,,,,,,,,,,,,,,,,,,,,,,,,,,,,,,,,репозиторий,,,,,,odlagališče,,,,,,centralkatalog,,,,,,,,репозіторій,,,,,,,,仓库,大多特指Github仓库,,
resources,Noun,,,,,,,,,,,,,,,,,,,,,,,,recursos,,,,,,,,,,ressources,,,,,,,,resursi,,anyagok/források,Kontextustól függően.,,,,,risorse,,,,,,ធនធាន,,,,,,šaltiniai,,,,,,വിഭവങ്ങള്‍,,,,,,,,,,hulpmiddelen,,,,,,,,recursos,,,,ресурсы,,,,,,viri,,,,,,resurser,,,,,,kaynaklar,,ресурси,,,,,,,,资源,,,
responsible disclosure,Noun,,,,,,,,,,,,,,,,,,,,,,,,revelado responsable,,,,,,,,,,,,,,,,,,,,felelős közzététel,http://hu.wikipedia.org/wiki/Felel%C5%91s_k%C3%B6zz%C3%A9t%C3%A9tel,,,,,divulgazione responsabile,,,,,,ការបង្ហាញភាពទទួលខុសត្រូវ,,,,,,,,,,,,,,,,,,,,,,verantwoorde openbaarmaking,,,,,,,,,,,,раскрытие информации,,,,,,,,,,,,,,,,,,,,,,,,,,,,,,,
retail,Noun,,,,,,,,,,,,,,,,,,,,,,,,minorista,,,,,,,,,,,,,,,,,,maloprodaja,,,,,,,,al dettaglio,,,,,,រាយ(លក់),,,,,,,,,,,,,,,,,,,,,,,,,,,,,,,,,,розница,,,,,,,,,,,,,,,,,,,,,,,,,,,,,,,
return,Verb,,,,,,,,,,,,,,,,,,,,,,,,regresar,,,,,,,,,,,,,,,,,,,,,,,,,,ritornare,,,,,,ត្រឡប់,,,,,,,,,,,,,,,,,,,,,,,,,,,,,,,,,,,,,,,,,,,,,,,,,,,,,,,,,,,,,,,,,
reversal,Noun,,,,,,,,,,,,,,,,,,,,,,,,revés,depende del contexto. Revisar,,,,,,,,,,,,,,,,,obrat/poništenje,,,,,,,,inversione,,,,,,ផ្ទុយស្រឡះ,,,,,,,,,,,,,,,,,,,,,,,,,,,,,,,,,,отмена,,,,,,"storno, stornacija",,,,,,,,,,,,,,,,,,,,,,,,,
reverse,Verb,,,,,,,,,,,,,,,,,,,,,,,,,,,,,,,,,,,,,,,,,,,,,,,,,,invertire,,,,,,ត្រឡប់ច្រាសវិញ,,,,,,,,,,,,,,,,,,,,,,,,,,,,,,,,,,,,,,,,,,,,,,,,,,,,,,,,,,,,,,,,,
savings,Noun,,,,,,,,,,,,,,,,,,,,,,,,,,,,,,,,,,,,,,,,,,,,,,,,,,,,,,,,,,,,,,,,,,,,,,,,,,,,,,,,,,,,,,,,,,,,,,,,,,,,,,sparkapital,,,,,,,,,,,,,,,,,,,
schema,Noun,,,,,,,,,,,,,,,,,,,,,,,,esquema,,,,,,,,,,,,,,,,,,,,,,,,,,schema,,,,,,ស្កីម៉ា,,,,,,,,,,,,,,,,,,,,,,,,,,,,,,,,,,,,,,,,,,,,,,,,,,,,,,,,,,,,,,,,,
schemes,Noun,,,,,,,,,,,,,,,,,,,,,,,,esquemas,,,,,,,,,,,,,,,,,,,,,,,,,,schemi,,,,,,ច្រើនស្កីម៉ា,,,,,,,,,,,,,,,,,,,,,,,,,,,,,,,,,,,,,,,,,,,,,,,,,,,,,,,,,,,,,,,,,
search,Verb,,,,,,,,,,,,,,,,,,,,,,,,,,,,,,,,,,,,,,,,,,,,,,,,,,ricerca,,,,,,ស្វែងរក,,,,,,,,,,,,,,,,,,,,,,,,,,,,,,,,,,,,,,,,,,,,,,,,,,,,,,,,,,,,,,,,,
searching,Noun,,,,,,,,,,,,,,,,,,,,,,,,,,,,,,,,,,,,,,,,,,,,,,,,,,ricerca,,,,,,ការស្វែងរក,,,,,,,,,,,,,,,,,,,,,,,,,,,,,,,,,,,,,,,,,,,,,,,,,,,,,,,,,,,,,,,,,
searching,Verb,,,,,,,,,,,,,,,,,,,,,,,,,,,,,,,,,,,,,,,,,,,,,,,,,,ricercare,,,,,,កំពុងស្វែងរក,,,,,,,,,,,,,,,,,,,,,,,,,,,,,,,,,,,,,,,,,,,,,,,,,,,,,,,,,,,,,,,,,
secure,Adjective,,,,,,,,,,,,,,,,,,,,,,,,seguro,seguro/asesgurar,,,,,,,,,,,,,,,,,zaštićen,,biztonságos,,,,,,sicuro,,,,,,ដែលសុវត្ថិភាព,,,,,,,,,,,,,,,,,,,,,,veilig,,,,,,,,,,,,безопасный,,,,,,varen,,,,,,säker,,,,,,,,,,,,,,,,,,,
secure,Verb,,,,,,,,,,,,,,,,,,,,,,,,asegurar,,,,,,,,,,,,,,,,,,,,,,,,,,garantire,,,,,,,,,,,,,,,,,,,,,,,,,,,,,,,,,,,,,,,,,,,,,,,,,,,,,,,,,,,,,,,,,,,,,,,
security,Noun,,,,,,,,,,,,,,,,,,,,,,,,seguridad,,,,,,,,,,,,,,,,,,sigurnost,,,,,,,,sicurezza,,,,,,សុវត្ថិភាព,,,,,,,,,,,,,,,,,,,,,,beveiliging,,,,,,,,,,,,безопасность,,,,,,,,,,,,säkerhet,,,,,,,,,,,,,,,,,,,
see,Verb,,,,,,,,,,,,,,,,,,,,,,,,vea,,,,,,,,,,,,,,,,,,,,,,,,,,vedere,,,,,,មើល,,,,,,,,,,,,,,,,,,,,,,,,,,,,,,,,,,,,,,,,,,,,,,,,,,,,,,,,,,,,,,,,,
server,Noun,,,,,,,,,,,,,,,,,,,,,,,,servidor,,,,,,,,,,,,,,,,,,poslužitelj,,,,,,,,server,,,,,,មាស៊ីនមេ,,,,,,,,,,,,,,,,,,,,,,,,,,,,,,,,,,сервер,,,,,,,,,,,,server,,,,,,,,,,,,,,,,服务器,,,
service,Noun,,,,,,,,,,,,,,,,,,,,,,,,servicio,,,,,,,,,,,,,,,,,,usluga,,,,,,,,servizio,,,,,,សេវា,,,,,,,,,,,,,,,,,,,,,,,,,,,,,,,,,,сервис,,,,,,,,,,,,tjänst,,,,,,,,,,,,,,,,,,,
service,Verb,,,,,,,,,,,,,,,,,,,,,,,,servir,,,,,,,,,,,,,,,,,,,,,,,,,,revisionare,,,,,,ធ្វើសេវា,,,,,,,,,,,,,,,,,,,,,,,,,,,,,,,,,,,,,,,,,,,,,,betjäna,,,,,,,,,,,,,,,,,,,
services,Noun,,,,,,,,,,,,,,,,,,,,,,,,servicios,,,,,,,,,,,,,,,,,,,,,,,,,,servizi,,,,,,សេវាច្រើន,,,,,,,,,,,,,,,,,,,,,,,,,,,,,,,,,,,,,,,,,,,,,,tjänster,,,,,,,,,,,,,,,,服务,,,
should,Verb,,,,,,,,,,,,,,,,,,,,,,,,,,,,,,,,,,,,,,,,,,,,,,,,,,dovere,,,,,,គួរតែ,,,,,,,,,,,,,,,,,,,,,,,,,,,,,,,,,,,,,,,,,,,,,,,,,,,,,,,,,,,,,,,,,
sign,Verb,,,,,,,,,,,,,,,,,,signieren,,,,,,firmar,,,,,,allekirjoittaa,,,,signer,,,,,,,,potpisati,,aláírni,,,,,,firmare,,,,,,ចុះហត្ថលេខា,,,,,,,,,,,,ഒപ്പു വയ്‌ക്കുക,,,,,,,,,,ondertekenen,,,,,,,,assinar,,,,подписать,,,,,,podpisati,,,,,,signera,,,,,,imzalamak,,підписувати,,,,,,,,签名,,簽署,
signature,Noun,,,,,,,,,,,,,,,,,,Signatur,,,,,,firma,,,,,,allekirjoitus,,,,signature,,,,,,,,potpis,,aláírás,,,,,,firmare,,,,,,ហត្ថលេខា,,,,,,,,,,,,ഒപ്പ്,,,,,,,,,,handtekening,,,,,,,,assinatura,,,,подпись,,,,,,podpis,,,,,,signatur,,,,,,imza,,підпис,,,,,,,,签名,,簽章,
software,Noun,,,,,,,,,,,,,,,,,,,,,,,,,,,,,,,,,,Logiciel,,,,,,,,,,,,,,,,software,,,,,,ផ្នែកទន់,,,,,,,,,,,,,,,,,,,,,,software,,,,,,,,,,,,,,,,,,,,,,,,mjukvara,,,,,,,,,,,,,,,,软件,,,
software wallet,Noun,,,,,,,,,,,,,,,,,,,,,,,,monedero de software,,,,,,,,,,portefeuille logiciel,,,,,,,,softverski novčanik,,szoftvertárca,,,,,,portafoglio software,,,,,,កាបូបផ្នែកទន់,,,,,,,,,,,,സോഫ്റ്റ്വെയർ പണസഞ്ചി,,,,,,,,,,softwareportemonnee,,,,,,,,,,,,программа-кошелек,,,,,,programska denarnica,,,,,,mjukvaruplånbok,,,,,,yazılımsal cüzdan,,програмний гаманець,,,,,,,,软件钱包,,,
someone,Pronoun,,,,,,,,,,,,,,,,,,,,,,,,,,,,,,,,,,,,,,,,,,,,,,,,,,qualcuno,,,,,,នរណា,,,,,,,,,,,,,,,,,,,,,,,,,,,,,,,,,,,,,,,,,,,,,,,,,,,,,,,,,,,,,,,,,
space,Noun,,,,,,,,,,,,,,,,,,,,,,,,espacio,,,,,,,,,,Espace,,,,,,,,,,,,,,,,spazio,,,,,,ទំហំ,,,,,,,,,,,,,,,,,,,,,,,,,,,,,,,,,,,,,,,,,,,,,,mellanrum,,,,,,,,,,,,,,,,,,,
specification,Noun,,,,,,,,,,,,,,,,,,,,,,,,especificación,,,,,,,,,,Spécification,,,,,,,,,,,,,,,,specificazione,,,,,,ការបញ្ជាក់លម្អិត,,,,,,,,,,,,,,,,,,,,,,specificatie,,,,,,,,,,,,,,,,,,,,,,,,specifikation,,,,,,,,,,,,,,,,,,,
specifications,Noun,,,,,,,,,,,,,,,,,,,,,,,,especificaciones,,,,,,,,,,,,,,,,,,,,,,,,,,specificazioni,,,,,,ករណីពិសេសច្រើន,,,,,,,,,,,,,,,,,,,,,,,,,,,,,,,,,,,,,,,,,,,,,,,,,,,,,,,,,,,,,,,,,
spend,Verb,,,,,,,,,,,,,,,,,,,,,,,,gastar,,,,خرج کردن,,,,,,,,,,,,,,potrošiti,,,,,,,,spendere,,,,,,ចាយ,,,,,,,,,,,,,,,,,,,,,,Uitgeven,,,,,,,,,,,,тратить,,,,,,trošiti,,,,,,spendera,,,,,,,,,,,,,,,,,,,
sponsored,Adjective,,,,,,,,,,,,,,,,,,,,,,,,patrocinado,,,,,,,,,,,,,,,,,,,,,,,,,,sponsorizzato,,,,,,ដែលបានឧបត្ថម,,,,,,,,,,,,,,,,,,,,,,,,,,,,,,,,,,,,,,,,,,,,,,,,,,,,,,,,,,,,,,,,,
stack,Noun,,,,,,,,,,,,,,,,,,,,,,,,,,,,,,,,,,,,,,,,,,,,,,,,,,stack,,,,,,,,,,,,,,,,,,,,,,,,,,,,,,,,,,,,,,,,,,,,,,,,,,,,,,,,,,,,,,,,,,,,,,,
static,Adjective,,,,,,,,,,,,,,,,,,,,,,,,,,,,,,,,,,,,,,,,,,,,,,,,,,statico,,,,,,ថេរ,,,,,,,,,,,,,,,,,,,,,,,,,,,,,,,,,,,,,,,,,,,,,,,,,,,,,,,,,,,,,,,,,
static,Noun,,,,,,,,,,,,,,,,,,,,,,,,,,,,,,,,,,,,,,,,,,,,,,,,,,statico,,,,,,ស្តាទីក,,,,,,,,,,,,,,,,,,,,,,,,,,,,,,,,,,,,,,,,,,,,,,,,,,,,,,,,,,,,,,,,,
string,Noun,,,,,,,,,,,,,,,,,,,,,,,,,,,,,,,,,,,,,,,,,,,,,,,,,,stringa,,,,,,,,,,,,,,,,,,,,,,,,,,,,,,,,,,,,,,,,,,,,,,,,,,,,sträng,,,,,,,,,,,,,,,,字符串,,,
subscribe,Verb,,,,,,,,,,,,,,,,,,,,,,,,,,,,,,,,,,,,,,,,,,,,,,,,,,iscriviti,,,,,,ធ្វើការដឹងជាប្រចាំ,,,,,,,,,,,,,,,,,,,,,,,,,,,,,,,,,,,,,,,,,,,,,,,,,,,,,,,,,,,,,,,,,
suggest,Verb,,,,,,,,,,,,,,,,,,,,,,,,,,,,,,,,,,,,,,,,,,,,,,,,,,suggerire,,,,,,ស្នើ,,,,,,,,,,,,,,,,,,,,,,,,,,,,,,,,,,,,,,,,,,,,,,,,,,,,,,,,,,,,,,,,,
suggestion,Noun,,,,,,,,,,,,,,,,,,,,,,,,,,,,,,,,,,,,,,,,,,,,,,,,,,suggerimento,,,,,,សំនើរ,,,,,,,,,,,,,,,,,,,,,,,,,,,,,,,,,,,,,,,,,,,,,,,,,,,,,,,,,,,,,,,,,
suggestions,Noun,,,,,,,,,,,,,,,,,,,,,,,,,,,,,,,,,,,,,,,,,,,,,,,,,,suggerimenti,,,,,,សំនើរច្រើន,,,,,,,,,,,,,,,,,,,,,,,,,,,,,,,,,,,,,,,,,,,,,,,,,,,,,,,,,,,,,,,,,
synonym,Noun,,,,,,,,,,,,,,,,,,,,,,,,,,,,,,,,,,,,,,,,,,,,,,,,,,sinonimo,,,,,,វេវចនៈសព្ទ,,,,,,,,,,,,,,,,,,,,,,,,,,,,,,,,,,,,,,,,,,,,,,,,,,,,,,,,,,,,,,,,,
synonyms,Noun,,,,,,,,,,,,,,,,,,,,,,,,,,,,,,,,,,,,,,,,,,,,,,,,,,sinonimi,,,,,,វេវចនៈសព្ទច្រើន,,,,,,,,,,,,,,,,,,,,,,,,,,,,,,,,,,,,,,,,,,,,,,,,,,,,,,,,,,,,,,,,,
technical,Noun,"Wait, ""technical"" is not a noun!",,,,,,,,,,,,,,,,,,,,,,,técnico,,,,,,,,,,,,,,,,,,tehnički,,,,,,,,tecnico,,,,,,បច្ចេកទេស,,,,,,,,,,,,,,,,,,,,,,,,,,,,,,,,,,,,,,,,,,,,,,,,,,,,,,,,,,,,,,,,,
template,Noun,,,,,,,,,,,,,,,,,,,,,,,,plantilla,,,,,,,,,,,,,,,,,,,,,,,,,,modello,,,,,,template,,,,,,,,,,,,,,,,,,,,,,,,,,,,,,,,,,,,,,,,,,,,,,,,,,,,,,,,,,,,,,,,,
term,Noun,,,,,,,,,,,,,,,,,,,,,,,,,,,,,,,,,,,,,,,,,,,,,,,,,,termine,,,,,,លក្ខណ្ឌតិក:,,,,,,,,,,,,,,,,,,,,,,,,,,,,,,,,,,,,,,,,,,,,,,,,,,,,,,,,,,,,,,,,,
third party,Adjective,,,,,,,,,,,,,,,,,,,,,,,,,,,,,,,,,,,,,,,,,,,,,,,,,,,,,,,,,,,,,,,,,,,,,,,,,,,,,,,,,,,,,,,,,,,,,,,,,,,,,,tredjeparts,,,,,,,,,,,,,,,,,,,
third partу,Noun,,,,,,,,,,,,,,,,,,,,,,,,tercero,un tercero distinto a los involucrados,,,,,,,,,,,,,,,,,treća strana,,,,,,,,terze parti,,,,მესამე მხარე,,ភាគីទីបី,,,,,,,,,,,,,,,,,,,,,,,,,,,,,,,,,,третья сторона,"иногда, посредник",,,,,,,,,,,tredje part,,,,,,,,,,,,,,,,第三方,,,
this,Adjective,,,,,,,,,,,,,,,,,,,,,,,,,,,,,,,,,,,,,,,,,,,,,,,,,,questo,,,,,,នេះ,,,,,,,,,,,,,,,,,,,,,,,,,,,,,,,,,,,,,,,,,,,,,,,,,,,,,,,,,,,,,,,,,
to,Adverb,,,,,,,,,,,,,,,,,,,,,,,,,,,,,,,,,,,,,,,,,,,,,,,,,,a,,,,,,ទៅ,,,,,,,,,,,,,,,,,,,,,,,,,,,,,,,,,,,,,,,,,,,,,,,,,,,,,,,,,,,,,,,,,
to,Preposition,,,,,,,,,,,,,,,,,,,,,,,,,,,,,,,,,,,,,,,,,,,,,,,,,,per,,,,,,ដើម្បី,,,,,,,,,,,,,,,,,,,,,,,,,,,,,,,,,,,,,,,,,,,,,,,,,,,,,,,,,,,,,,,,,
today,Noun,,,,,,,,,,,,,,,,,,,,,,,,,,,,,,,,,,,,,,,,,,,,,,,,,,oggi,,,,,,បច្ចុប្បន្ន,,,,,,,,,,,,,,,,,,,,,,,,,,,,,,,,,,,,,,,,,,,,,,,,,,,,,,,,,,,,,,,,,
traceability,Noun,,,,,,,,,,,,,,,,,,,,,,,,,,,,,,,,,,,,,,,,,,,,,,,,,,tracciabilità,,,,,,,,,,,,atsekamumas,,,,,,,,,,,,,,,,,,,,,,,,rastreabilidade,,,,,,,,,,,,,,,,spårbarhet,,,,,,,,,,,,,,,,追踪性,,,
transact,Verb,,,,,,,,,,,,,,,,,,,,,,,,,,,,,,,,,,,,,,,,,,,,,,,,,,,,,,,,,,,,,,,,,,,,,,,,,,,,,,,,,,,,,,,,,,,,,,,,,,,,,,göra transaktioner,,,,,,,,,,,,,,,,,,,
transaction,Noun,,,,,,,,,,,,,,,,,,,,,,,,transacción,,,,,,,,,,Transaction,,,,,,,,transakcija,,tranzakció,,,,,,transazione,,,,,,ប្រតិបត្តិការ,,,,,,"transakcija, pavedimas",,"darījums, transakcija",,,,,,,,,,,,,,transactie,,,,,,,,,,,,транзакция,,,,,,nakazilo,,,,,,transaktion,,,,,,,,транзакція,,,,,,,,交易,,,
transaction fee,Noun,,,,,,,,,,,,,,,,,,,,,,,,tasa de transacción,también se puede utilizar comisión,,,,,,,,,Frais de transaction,,,,,,,,naknada na transakciju,,,,,,,,spese di transazione,,,,,,តំលៃប្រតិបត្តិការ,,,,,,pavedimo mokestis,,darījuma komisija,,,,,,,,,,,,,,transactiekosten,,,,,,,,,,,,комиссия,,,,,,nakazilni prispevek,,,,,,transaktionsavgift,,,,,,,,,,,,,,,,交易费,,,
transactions,Noun,,,,,,,,,,,,,,,,,,,,,,,,transacciones,,,,,,,,,,,,,,,,,,,,,,,,,,transazioni,,,,,,ប្រតិបត្តិការច្រើន,,,,,,,,,,,,,,,,,,,,,,,,,,,,,,,,,,,,,,,,,,,,,,transaktioner,,,,,,,,,,,,,,,,,,,
translate,Verb,,,,,,,,,,,,,,,,,,,,,,,,traducir,traduzca,,,,,,,,,,,,,,,,,,,,,,,,,tradurre,,,,,,បកប្រែ,,,,,,,,,,,,,,,,,,,,,,,,,,,,,,,,,,,,,,,,,,,,,,översätta,,,,,,,,,,,,,,,,,,,
translated,Verb,"""translated"" is not a verb!
",,,,,,,,,,,,,,,,,,,,,,,traducido,,,,,,,,,,Traduire,,,,,,,,,,,,,,,,tradotto,,,,,,បាន​បក​ប្រែ,,,,,,išverstas,,,,,,,,,,,,,,,,vertaald,,,,,,,,,,,,,,,,,,,,,,,,,,,,,,,,,,,,,,,,,,,
transparency,Noun,,,,,,,,,,,,,,,,,,,,,,,,,,,,,,,,,,,,,,,,,,,,,,,,,,trasparenza,,,,,,តម្លាភាព,,,,,,,,,,,,,,,,,,,,,,,,,,,,,,,,,,,,,,,,,,,,,,,,,,,,,,,,,,,,,,,,,
trust,Noun,,,,,,,,,,,,,,,,,,,,,,,,confianza,confiar/confianza/confiable,,,,,,,,,Confiance,,,,,,,,povjerenje,,,,,,,,fiducia,,,,,,ភាពទុកចិត្ត,,,,,,pasitikiėjimas,,,,,,,,,,,,,,,,vertrouwen,,,,,,,,,,,,доверие,,,,,,,,besim,,,,förtroende,,,,,,,,,,,,,,,,,,,
trustless,Adjective,,,,,,,,,,,,,,,,,,,,,,,,desconfiable,,,,,,,,,,,,,,,,,,povjerenje nije potrebno,,,,,,,,non richiede fiducia,,,,,,ដែលមិនទុកចិត្ត,,,,,,nepatikimas,,,,,,,,,,,,,,,,,,,,,,,,,,,,не требующий доверия,,,,,,,,,,,,,,,,,,,,,,,,,,,,,,,
two-factor authentication,Noun,,,,,,,,,,,,,,,,,,,,,,,,,,,,,,,,,,,,,,,,,,,,,,,,,,,,,,,,,,,,,,,,,,,,,,,,,,,,,,,,,,,,,,,,,,,,,,,,,,,,,,tvåfaktorautentisering,,,,,,,,,,,,,,,,,,,
upcoming,Adjective,,,,,,,,,,,,,,,,,,,,,,,,próximo,,,,,,,,,,,,,,,,,,,,,,,,,,imminente,,,,,,ដែលខាងមុខ,,,,,,,,,,,,,,,,,,,,,,,,,,,,,,,,,,,,,,,,,,,,,,,,,,,,,,,,,,,,,,,,,
us,Preposition,,,,,,,,,,,,,,,,,,,,,,,,,,,,,,,,,,,,,,,,,,,,,,,,,,noi,,,,,,យើង,,,,,,,,,,,,,,,,,,,,,,,,,,,,,,,,,,,,,,,,,,,,,,,,,,,,,,,,,,,,,,,,,
use,Verb,,,,,,,,,,,,,,,,,,,,,,,,usar,,,,,,,,,,,,,,,,,,,,,,,,,,usare,,,,,,ប្រើ,,,,,,,,,,,,,,,,,,,,,,,,,,,,,,,,,,,,,,,,,,,,,,,,,,,,,,,,,,,,,,,,,
useful,Adjective,,,,,,,,,,,,,,,,,,,,,,,,útil,,,,,,,,,,Utile,,,,,,,,,,,,,,,,utile,,,,,,ដែលមានប្រយោជន៍,,,,,,naudingas,,,,,,,,,,,,,,,,bruikbaar,,,,,,,,,,,,,,,,,,,,,,,,användbar,,,,,,,,,,,,,,,,,,,
user,Noun,,,,,,,,,,,,,,,,,,,,,,,,,,,,,,,,,,,,,,,,,,,,,,,,,,utente,,,,,,អ្នកប្រើ,,,,,,,,,,,,,,,,,,,,,,,,,,,,,,,,,,,,,,,,,,,,,,,,,,,,,,,,,,,,,,,,,
users,Noun,,,,,,,,,,,,,,,,,,,,,,,,,,,,,,,,,,,,,,,,,,,,,,,,,,utenti,,,,,,អ្នកប្រើច្រើន,,,,,,,,,,,,,,,,,,,,,,,,,,,,,,,,,,,,,,,,,,,,,,,,,,,,,,,,,,,,,,,,,
uses,Verb,,,,,,,,,,,,,,,,,,,,,,,,,,,,,,,,,,,,,,,,,,,,,,,,,,usi,,,,,,ប្រើ,,,,,,,,,,,,,,,,,,,,,,,,,,,,,,,,,,,,,,,,,,,,,,,,,,,,,,,,,,,,,,,,,
using,Noun,,,,,,,,,,,,,,,,,,,,,,,,,,,,,,,,,,,,,,,,,,,,,,,,,,usando,,,,,,ការប្រើ,,,,,,,,,,,,,,,,,,,,,,,,,,,,,,,,,,,,,,,,,,,,,,,,,,,,,,,,,,,,,,,,,
validation,Noun,,,,,,,,,,,,,,,,,,,,,,,,validación,,,,,,,,,,Validation,,,,,,,,validacija,,,,,,,,convalida,,,,,,សុពលភាព,,,,,,"validacija, įvertinimas",,,,,,,,,,,,,,,,validatie,,,,,,,,,,,,,,,,,,preverjanje veljavnosti,,,,,,validering,,,,,,,,,,,,,,,,验证,,,
verification,Noun,,,,,,,,,,,,,,,,,,,,,,,,,,,,,,,,,,,,,,,,,,,,,,,,,,,,,,,,,,,,,,,,,,,,,,,,,,,,,,,,,,,,,,,,,,,,,,,,preverjanje veljavnosti,,,,,,verifiering,,,,,,,,,,,,,,,,,,,
virtual,Noun,"Wait, ""virtual"" is not a noun!",,,,,,,,,,,,,,,,,,,,,,,virtual,,,,,,,,,,Virtuel,,,,,,,,,,,,,,,,virtuale,,,,,,និម្មិត,,,,,,virtualus,,,,,,,,,,,,,,,,,,,,,,,,,,,,,,,,,,,,,,,,,,,,,,,,,,,,,,,,,,,
visit,Verb,,,,,,,,,,,,,,,,,,,,,,,,,,,,,,,,,,,,,,,,,,,,,,,,,,visita,,,,,,ទស្សនា,,,,,,,,,,,,,,,,,,,,,,,,,,,,,,,,,,,,,,,,,,,,,,,,,,,,,,,,,,,,,,,,,
vocabulary,Noun,,,,,,,,,,,,,,,,,,,,,,,,vocabulario,,,,,,,,,,Vocabulaire,,,,,,,,riječnik,,szószedet/szókincs,Kontextustól függően.,,,,,vocabolario,,,,,,ពាក្យ,,,,,,žodynas,,,,,,,,,,,,,,,,woordenschat,,,,,,,,,,,,словарь,,,,,,besedišče,,,,,,vokabulär,,,,,,,,словник,,,,,,,,词汇,,,
volatility,Noun,,,,,,,,,,,,,,,,,,Volatilität,,,,,,volatibilidad,,,,,,,,,,volatilité,,,,,,,,nepostojanost/promjenjivost,,volatilitás,"Esetleg szórásként fordítható, de az azért nem fejezi ki pontosan a fogalom jelentését.",,,,,volatilità,,,,,,ការប្រែប្រួល,,,,,,,,,,,,ബാഷ്‌പശീലം,,,,,,,,,,volatiliteit,,,,,,,,volatilidade,,,,волатильность,,,,,,nestanovitnost,,,,,,volatilitet,,,,,,dengesizlik,, мінливість,,,,,,,,不稳定性,,,
wallet,Noun,,,,محفظة,,,,,,,,,,,,,,Wallet,(weiblich),,,,,"monedero, cartera, billetera",,,,,,,,,,portefeuille,,,,,,,,novčanik,,tárca,,,,,,portafoglio,,,,საფულე,,កាបូប,,,,,,piniginė,,naudasmaks,,,,പണസഞ്ചി,,,,,,,,,,portemonnee,,,,portfel,,,,Carteira,,,,кошелек,Кошелек,,,,,denarnica,,kuletë,,,,plånbok,,,,,,Cüzdan,,гаманець,,,,,,,,钱包,,,
want,Verb,,,,,,,,,,,,,,,,,,,,,,,,desea,,,,,,,,,,,,,,,,,,,,,,,,,,volere,,,,,,ចង់,,,,,,,,,,,,,,,,,,,,,,,,,,,,,,,,,,,,,,,,,,,,,,,,,,,,,,,,,,,,,,,,,
watch-only address,Noun,,,,,,,,,,,,,,,,,,,,,,,,dirección de solo lectura,,,,,,,,,,,,,,,,,,,,,,,,,,indirizzo a sola lettura,,,,,,,,,,,,,,,,,,,,,,,,,,,,,,,,,,,,,,,,,,,,,,,,,,,,,,,,,,,,,,,,,,,,查账地址,不能用来支出的地址,,
weak,Adjective,,,,,,,,,,,,,,,,,,,,,,,,débil,,,,,,,,,,,,,,,,,,,,,,,,,,debole,,,,,,ខ្សោយ,,,,,,,,,,,,,,,,,,,,,,,,,,,,,,,,,,,,,,,,,,,,,,,,,,,,,,,,,,,,,,,,,
web broswer,Noun,,,,,,,,,,,,,,,,,,,,,,,,,,,,,,,,,,,,,,,,,,,,,,,,,,,,,,,,,,,,,,,,,,,,,,,,,,,,,,,,,,,,,,,,,,,,,,,,,,,,,,webbläsare,,,,,,,,,,,,,,,,,,,
web wallet,Noun,,,,,,,,,,,,,,,,,,,,,,,,monedero web,,,,,,,,,,portefeuille Web,,,,,,,,web novčanik,,webtárca,,,,,,portafoglio online,,,,,,កាបូបវេបសាយ,,,,,,tinklo piniginė,,,,,,വെബ് പണസഞ്ചി,,,,,,,,,,webportemonnee,,,,,,,,,,,,онлайн-кошелек,,,,,,spletna denarnica,,,,,,webbplånbok,,,,,,İnternet Cüzdanı,,Інтернет гаманець,,,,,,,,网站钱包,,,
website,Noun,,,,,,,,,,,,,,,,,,,,,,,,sitio web,,,,,,,,,,,,,,,,,,,,,,,,,,sito web,,,,,,វែបសាយ,,,,,,,,,,,,,,,,,,,,,,,,,,,,,,,,,,,,,,,,,,,,,,webbplats,,,,,,,,,,,,,,,,,,,
what,Adjective,,,,,,,,,,,,,,,,,,,,,,,,,,,,,,,,,,,,,,,,,,,,,,,,,,cosa,,,,,,អ្វី,,,,,,,,,,,,,,,,,,,,,,,,,,,,,,,,,,,,,,,,,,,,,,,,,,,,,,,,,,,,,,,,,
white papar,,,,,,,,,,,,,,,,,,,,,,,,,,,,,,,,,,,,,,,מסמך עמדה,,,,,,,,,,,,,,,,,,,,,,,,,,,,,,,,,,,,,,,,,,,,,,,,,,,,,,,,,,,,,,,,,,,,,,,,,,,,,,,,,,,
windows,Noun,,,,,,,,,,,,,,,,,,,,,,,,ventanas,,,,,,,,,,,,,,,,,,,,,,,,,,finestre,,,,,,windows,,,,,,,,,,,,,,,,,,,,,,,,,,,,,,,,,,,,,,,,,,,,,,,,,,,,,,,,,,,,,,,,,
with,Preposition,,,,,,,,,,,,,,,,,,,,,,,,,,,,,,,,,,,,,,,,,,,,,,,,,,con,,,,,,ជាមួយ,,,,,,,,,,,,,,,,,,,,,,,,,,,,,,,,,,,,,,,,,,,,,,,,,,,,,,,,,,,,,,,,,
world,Noun,,,,,,,,,,,,,,,,,,,,,,,,,,,,,,,,,,,,,,,,,,,,,,,,,,mondo,,,,,,ពិភពលោក,,,,,,,,,,,,,,,,,,,,,,,,,,,,,,,,,,,,,,,,,,,,,,,,,,,,,,,,,,,,,,,,,
you,,,,,,,,,,,,,,,,,,,,,,,,,usted,,,,,,,,,,,,,,,,,,,,,,,,,,tu,,,,,,,,,,,,,,,,,,,,,,,,,,,,,,,,,,,,,,,,,,,,,,,,,,,,,,,,,,,,,,,,,,,,,,,
you,Pronoun,,,,أنت,,,,,,,,,,,,,,Sie,,,,,,usted,,,,,,,,,,vous,,,,,,,,ti,,,,,,,,tu,,,,,,,,,,,,"tu, jūs",,,,,,നിങ്ങൾ,,,,,,,,,,u,,,,,,,,você,"Not used in formal, written portuguese.",,,вы,,,,,,vi,,ti,,,,du,,,,,,Siz,,Ви,,,,,,,,您,,您,
your,,,,,,,,,,,,,,,,,,,,,,,,,,,,,,,,,,,vos,,,,,,,,,,,,,,,,,,,,,,,,,,,,,,,,,,,,,,,,,,,,,,,,,,,,,,,,,,,,,,,,,,,,,,,,,,,,,,,,,,,,,,,
your,Pronoun,,,,,,,,,,,,,,,,,,Ihre,,,,,,su,Se emplea como pronombre. También es válido vuestro/vuestra,,,,,,,,,votre,,,,,,,,tvoj,,,,,,,,tuo,,,,,,របស់អ្នក,,,,,,tavo,,,,,,നിങ്ങളുടെ,,,,,,,,,,uw,,,,,,,,sua,"seu (male)
sua (female)",,,ваше,ваша ваши ваш,,,,,vaš/svoj,,,,,,din,,,,,,Sizin,,ваш,,,,,,,,,,您的,
​can,Verb,,,,,,,,,,,,,,,,,,,,Μπορώ,,,,,,,,,,,,,,,,,,,,,,,,,,,,,,potere,,,,,,អាច,,,,,,galėti,,,,,,,,,,,,,,,,,,,,,,,,,,,,,,,,,,,,,,,,,,,,,,,,,,,,,,,,,,,
