term,pos,comment,ach,comment_ach,af,comment_af,am,comment_am,ar,comment_ar,az,comment_az,be,comment_be,bg,comment_bg,bn,comment_bn,bs,comment_bs,ca,comment_ca,cmn,comment_cmn,cs,comment_cs,cy,comment_cy,da,comment_da,de,comment_de,el,comment_el,en_GB,comment_en_GB,eo,comment_eo,es,comment_es,es_CL,comment_es_CL,es_CO,comment_es_CO,es_DO,comment_es_DO,es_MX,comment_es_MX,es_VE,comment_es_VE,et,comment_et,eu,comment_eu,fa,comment_fa,fi,comment_fi,fil,comment_fil,fr,comment_fr,he,comment_he,hi,comment_hi,hr,comment_hr,hu,comment_hu,hy,comment_hy,id,comment_id,is,comment_is,it,comment_it,ja,comment_ja,ka,comment_ka,kk,comment_kk,km,comment_km,ko,comment_ko,ku_IQ,comment_ku_IQ,ky,comment_ky,la,comment_la,lt,comment_lt,lv,comment_lv,mk,comment_mk,ml,comment_ml,mn,comment_mn,mr_IN,comment_mr_IN,ms,comment_ms,my,comment_my,nb,comment_nb,ne,comment_ne,nl,comment_nl,pam,comment_pam,pl,comment_pl,pt,comment_pt,pt_BR,comment_pt_BR,ro,comment_ro,ru,comment_ru,sah,comment_sah,si,comment_si,sk,comment_sk,sl,comment_sl,sn,comment_sn,sq,comment_sq,sr,comment_sr,sr@latin,comment_sr@latin,sv,comment_sv,szl,comment_szl,ta,comment_ta,te,comment_te,th,comment_th,tr,comment_tr,tt,comment_tt,uk,comment_uk,ur,comment_ur,uz@Cyrl,comment_uz@Cyrl,uz@Latn,comment_uz@Latn,vi,comment_vi,yo,comment_yo,zh,comment_zh,zh-Hans,comment_zh-Hans,zh_CN,comment_zh_CN,zh_HK,comment_zh_HK,zh_TW,comment_zh_TW,zu,comment_zu
Bitcoin,Noun,,,,,,,,,,,,,,,,,,,,Bitcoin,,,,,,,,Bitcoin,,Bitcoin,,,,,,,,Bitcoin,,,,Bitcoin,,,,,,,,,,,,,,,,,,Bitcoin,,ביטקוין,,,,,,,,,,Bitcoin,,,,Bitcoin,,ビットコイン,,,,,,,,,,,,,,,,,,,,,,,,,,,,,,,,,,,,Bitcoin,"I was told there's a difference between Bitcoin and bitcoin. Capital Bitcoin is the network, bitcoin is the currency. In dutch language both are not translated.",,,Bitcoin,,,,,,,,Биткойн,,,,,,,,,,,,,,,,,,Bitcoin,,,,பிட்காயின்,,బిట్‌కాయిన్,,,,,,,,,,,,,,,,,,,,,,,,,,,,,,,
Right-click,Verb,,,,,,,,,,,,,,,,,,,,,,,,,,,,,,,,,,,,,,,,,,,,,,,,,,,,,,,,,,,,,,,,,,,,,,,,,,,,,,,,,,,,ចុចខាងស្តាំ,,,,,,,,,,,,,,,,,,,,,,,,,,,,,,,,,,,,,,,,,,,,,,,,,,,,,,,,,,,,,,,,,,,,,,,,,,,,,,,,,,,,,,,,,,,,,,,,,
Address,Noun,,,,,,,,عنوان,,,,,,,,,,,,,,,,,,,,,,,,,,,,,,Dirección,,,,,,,,,,,,,,,,,,,,,,,,,,,,,,,,,,,,,,,,,,,,,,,,,,,,,,,,,,,,,,,,,,,,,,,,,,,,,,,,,,,,,,,,,,,,,,,,,,,,,,,,,,,,,,,,,,,,,,,,,,,,,,,,,,,,,,,,,,,,,,,
Automatically,Adverb,,,,outomaties,,,,,,,,,,,,,,,,,,,,,,,,,,,,,,,,,,Automático,,,,,,,,,,Automaticamente,,,,,,,,,,,,,,,,,,,,,,,,Otomatis,,,,,,,,,,,,,,,,,,,,,,,,,,,,,,,,,,,,,,,,,,Automatisch,,,,,,,,,,,,Автоматически,,,,,,,,,,,,,,,,,,Automatiskt,,,,,,,,,,,,,,,,,,,,,,,,,,,,,,,,,,,,,
Blockchain,Noun,,,,,,,,سلسلة الكتل,,,,,,,,,,,,,,,,,,,,Blokkæde,,Blockchain,,,,,,,,,,,,,,,,,,Cadena  de bloque,,,,,,,,,,,,chaîne de blocs,,בלוקצ'יין,,,,,,,,,,,,,,,,ブロック チェーン,,ბლოკჩეინი,,,,,,,,,,,,,,,,,,,,,,,,,,,,,,,,,,Blockchain,"Please, see my block remark",,, łańcuch bloków,,,,,,,,Блокчейн,,,,,,,,,,,,,,,,,,Blockkedja,,,,பிளாக்செயின்,,బ్లాక్ చైన్,,,,Blok zinciri,,,,Ланцюжок блоків,,,,,,,,,,,,,,,,,,,,,,,
Change,Noun,,,,,,,,,,,,,,,,,,,,,,,,,,,,,,,,,,,,,,,,,,,,,,,,,,,,,,,,,,,,,,,,,,,,,,,,,,,,,,,,,,,,,,,,,,,,,,,,,,,,,,,,,,,,,,,,,,,,,,,,,,,,,,,,,,,,,,,,,,,,,,,,,,,,,,,,,,,,,,,,,,,,,,,,,,,,,,,,,,,,,
Change,Verb,,,,,,,,,,,,,,,,,,,,,,,,,,,,,,,,,,,,,,,,,,,,,,,,,,,,,,,,,,,,,,,,,,,,,,,,,,,,,,,,,,,,,,,,,,,,,,,,,,,,,,,,,,,,,,,,,,,,,,,,,,,,,,,,,,,,,,,,,,,,,,,,,,,,,,,,,,,,,,,,,,,,,,,,,,,,,,,,,,,,,
Coin Control,Noun,"Should this be regarded as a proper name, or the term being translated into the local language?
*-*-
This is a noun, and should be translated as such.",,,Muntbeheer,,,,,,,,,,Контрол но монетите,,,,,,,,,,,,,,,,,,,,,,,,,,,,,,,,,,,,,,,,,,,,,,contrôle des pièces,,בקרת מטבעות,,,,,,,,,,,,,,,,,,,,,,,,,,,,,,,,,,,,,,,,,,,,,,,,,,,,,,,,Kontrola Monet,,,,,,,,,,,,,,,,,,,,,,,,,,,,,,,,,,,,,,,,,,,,,,,,,,,,,,,,,,,,錢幣控制,,,
Confirmations,Noun,,,,Bevestigings,,,,,,,,,,Потвърждения,,,,,,,,,,,,,,Bekræftelser,,Bestätigungen,,,,,,,,Confirmaciones,,,,,,,,,,,,,,,,,,Varmistuksia,,,,confirmations,,,,,,Potvrde,,,,,,,,,,,,,,,,,,,,,,,,,,,,,,,,,,,,,,,,,,,,,,,,Bevestigingen,,,,Potwierdzenia,,,,,,,,,,,,,,,,,,,,,,,,,,Bekräftelser,,,,,,నిర్ధారణలు,,,,Doğrulama,,,,,,,,,,,,,,,,,,,,确认数,,,,確認,,,
Copy,Verb,,,,,,,,نسخ,,,,,,,,,,,,,,,,,,,,,,,,,,,,,,,,,,,,,,,,,,,,,,,,,,,,,,,,,,,,,,,,,,,,,,,,,,,,,,,,,,,,,,,,,,,,,,,,,,,,,,,,,,,,,,,,,,,,,,,,,,,,,,,,,,,,,,,,Kopiera,,,,,,,,,,,,,,,,,,,,,,,,,,,,,,,,,,,,,
Copy address,Verb,,,,,,,,,,,,,,,,,,,,,,,,,,,,,,Adresse kopieren,,,,,,,,Copiar dirección,,,,,,,,,,,,,,,,,,,,,,,,העתיקו את הכתובת,,,,,,,,,,,,,,,,,,,,,,,,,,,,,,,,,,,,,,,,,,,,,,,,,,,,,,,,,,,,,,,,,,,,,,,,,,,,,,,,,,Kopiera adress,,,,,,,,,,,,,,,,,,,,,,,,,,,,,,,,,,,,,
Credit,Noun,,,,,,,,,,,,,,,,,,,,,,,,,,,,,,,,,,,,,,,,,,,,,,,,,,,,,,,,,,,,,,,,,,,,,,,,,,,,,,,,,,,,,,,,,,,,,,,,,,,,,,,,,,,,,,,,,,,,,,,,,,,,,,,,,,,,,,,,,,,,,,,,,,,,,,,,,,,,,,,,,,,,,,,,,,,,,,,,,,,,,
Debit,Noun,,,,,,,,,,,,,,,,,,,,,,,,,,,,,,,,,,,,,,,,,,,,,,,,,,,,,,,,,,,,,,,,,,,,,,,,,,,,,,,,,,,,,,,,,,,,,,,,,,,,,,,,,,,,,,,,,,,,,,,,,,,,,,,,,,,,,,,,,,,,,,,,,,,,,,,,,,,,,,,,,,,,,,,,,,,,,,,,,,,,,
Edit Address,,,,,,,,,,,,,,,,,,,,,,,,,,,,,,,Adresse bearbeiten,,,,,,,,,,,,,,,,,,,,,,,,,,,,,,,,,,,,,,,,,,,,,,,,,,,,,,,,,,,,,,,,,,,,,,,,,,,,,,,,,,,,,,,,,,,,,,,,,,,,,,,,,,,,,,,,,,Redigera adress,,,,,,,,,,,,,,,,,,,,,,,,,,,,,,,,,,,,,
Features,Noun,,,,Kenmerke,,,,,,,,,,,,,,,,,,,,,,,,,,,,,,,,,,Características,,,,,,,,,,,,,,,,,,,,,,fonctions,"Aussi : caractéristiques.
Attention, le mot « fonctionnalité » veut dire : Caractère d’un bien ou d’un service qui répond à sa finalité, et qui est donc fonctionnel et pratique.",,,,,,,,,,,,,,,,,,,,,,,,,,,,,,,,,,,,,,,,,,,,,,,,,,,,,Functies,Functies is een prima vertaling.,,,,,,,,,,,,,,,,,,,,,,,,,,,,,,,,,,,,,,,,,,,,,,,,,,,,,,,,,,,,,,,,,,
GUI,Noun,,,,,,,,,,,,,,,,,,,,,,,,,,,,,,,,,,,,,,,,,,,,,,,,,,,,,,رابط کاربری,,käyttöliittymä,,,,IUG,interface utilisateur graphique,,,,,,,,,,,,,,,,,,,,,,,,,,,,,,,,,,,,,,,,,,,,,,,,,,,,,GUI,,,,GUI,,,,,,,GUI (interfața grafică),,,,,,,,,,,,,,,,,,,,,,,,,,,,,Grafik Arayüzü,,,,,,,,,,,,,,,,,,,,,,,,,,,
HD,Noun,,,,,,,,,,,,,,,,,,,,,,,,,,,,,,,,,,,,,,,,,,,,,,,,,,,,,,,,,,,,HD,,,,,,,,,,,,,,,,,,,,,,,,,,,,,,,,,,,,,,,,,,,,,,,,,,,,,,,,,,HD,,,,,,,,,,,,,,,,,,,,,,,,,,,,,,,,,,,,,,,,,,,,,,,,,,,,,,,,,,,,,,,
Header,Noun,,,,,,,,,,,,,,,,,,,,,,,,,,,,,,,,,,,,,,Cabecera,,,,,,,,,,,,,,,,,,,,,,en-tête,,,,,,,,,,,,,,,,,,,,,,,,,,,,,,,,,,,,,,,,,,,,,,,,,,,,,,Kop,,,,,,,,,,,Antet,,,,,,,,,,,,,,,,,,,Huvud,,,,,,శీర్షిక,,,,Üstbilgi,,,,,,,,,,,,,,,,,,,,,,,,,,,
Headers,Noun,,,,,,,,,,,,,,,,,,,,,,,,,,,,,,,,,,,,,,Cabeceras,,,,,,,,,,,,,,,,,,,,,,en-têtes,,,,,,,,,,,,,,,,,,,,,,,,,,,,,,,,,,,,,,,,,,,,,,,,,,,,,,Koppen,,,,,,,,,,,,,,,,,,,,,,,,,,,,,,Huvuden,,,,,,శీర్షికలు,,,,,,,,,,,,,,,,,,,,,,,,,,,,,,,
ID,Noun,,,,,,,,,,,,,,ID,,,,,,,,,,,,,,,,,,,,,,identigilo,,ID,,,,,,,,,,,,,,,,,,,,,,ID,,מזהה,,,,ID,,,,,,,,,,,,,,"ID, იდენტიფიკატორი",,,,,,,,,,,,,,,,,,,,,,,,,,,,,,,,,,ID,,,,,,,,,,,,,,,,,,,,,,,,,,,,,,,,,,,,,,,,,,,,,,,,,,,,,,,,,,,,,,,,識別碼,,,
IPv4,Noun,,,,IPv4,,,,,,,,,,,,,,,,,,,,,,,,IPv4,,,,,,,,,,IPv4,,,,,,,,,,,,,,,,,,,,,,,,,,,,,,,,,,,,,,,,,,,,,,,,,,,,,,,,,,,,,,,,,,,,,,,,,,,,IPv4,,,,IPv4,,,,,,,,,,,,,,,,,,,,,,,,,,IPv4,,,,,,,,,,,,,,,,,,,,,,,,,,,,,,,,,,,,,
Information,Noun,,,,Informasie,,,,,,,,,,,,,,,,,,,,,,,,,,,,,,,,,,Información,,,,,,,,,,,,,,,,,,,,,,,,מידע,,,,,,,,,,,,,,,,,,,,,,,,,,,,,,,,,,,,,,,,,,,,,,,,,,,,Informatie,,,,,,,,,,,,,,,,,,,,,,,,,,,,,,,,,,,,,,,,,,,,,,,,,,,,,,,,,,,,,,,,,,,
Input,Noun,,,,,,,,,,,,,,,,,,,,,,,,,,,,,,,,,,,,,,Entrada,,,,,,,,,,,,,,,,ورودی,,,,,,entrée,,קלט,,,,Unos,,,,,,,,,,,,,,,,,,,,,,,,,,,,,,,,,,,,,,,,,,,,,,,,Invoer,,,,Wejście,,,,,,,,,,,,,,,,,,,,,,,,,,,,,,,,ఇన్‌పుట్,,,,,,,,,,,,,,,,,,,,,,,,,,,,收入,,,
Invalid,Adjective,,,,,,,,,,,,,,,,,,,,,,,,,,,,,,,,,,,,,,Inválido,,,,,,,,,,,,,,,,,,,,,,,,,,,,,,,,,,,,,,non valido,,,,,,,,,,,,,,,,,,,,,,,,,,,,,,,,,,,,,,Niet toegestane,,,,Nieważny,,,,,,,,,,,,,,,,,,,,,,,,,,Ogiltig,,,,,,,,,,,,,,,,,,,,,,,,,,,,,,,,,,,,,
Label,Verb,,,,Etiketeer.,,,,وُسم,,,,,,,,,,,,,,,,,,,,Mærke,,,,,,,,,,Etiquetar,,,,,,,,,,,,,,,,,,,,,,étiqueter,,,,,,,,,,,,,,,,etichettare,,,,,,,,,,,,,,,,,,,,,,,,,,,,,,,,,,,,,,,,,,oznaczać,,,,,,,,,,,,,,,,,,,,,,,,,,,,,,,,లేబుల్,,,,etiketlemek,,,,,,,,,,,,,,,,,,,,,,,,,,,
Label ,Noun,,,,Etiket,,,,وسم,,,,,,,,,,,,,,,,,,,,,,,,,,,,,,Etiqueta,,,,,,,,,,,,,,,,,,,,,,,,,,,,,,,,,,,,,,,,,,,,,,,,,,,,,,,,,,,,,,,,,,,,,,,,,,,,,,,,,,,,,,,,,,,,,,,,,,,,,,,,,,,,,,,,లేబుల్,,,,,,,,,,,,,,,,,,,,,,,,,,,,,,,
Lockbox,Noun,,,,,,,,,,,,,,,,,,,,,,,,,,,,,,,,,,,,,,,,,,,,,,,,,,,,,,,,,,,,coffre,,,,,,,,,,,,,,,,,,,,,,,,,,,,,,,,,,,,,,,,,,,,,,,,,,,,,,,,,,,,,,,,,,,,,,,,,,,,,,,,,,,,,,,,,,,,,,,,,,,,,,,,,,,,,,,,,,,,,,,,,
MiB,Noun,,,,,,,,,,,,,,,,,,,,,,,,,,,,,,,,,,,,,,,,,,,,,,,,,,,,,,,,,,,,Mio,"Pour éviter toute ambiguïté, la Commission électrotechnique internationale (CEI) recommande de remplacer le terme mégaoctet par mébioctet (symbole : Mio), dont l'équivalent en anglais est mebibyte (symbole : MiB), si l’on désire exprimer la valeur binaire de la capacité de stockage.",,,,,,,,,,,,,,,,,,,,,,,,,,,,,,,,,,,,,,,,,,,,,,,,,,,,,,,,,,,,,,,,,,,,,,,,,,,,,,,,,,,,,,,,,,,,,,,,,,,,,,,,,,,,,,,,,,,,,,,,
New sending adress,Verb,,,,,,,,,,,,,,,,,,,,,,,,,,,,,,,,,,,,,,,,,,,,,,,,,,,,,,,,,,,,,,,,,,,,,,,,,,,,,,,,,,,,,,,,,,,,,,,,,,,,,,,,,,,,,,,,,,,,,,,,,,,,,,,,,,,,,,,,,,,,,,,,,,,,,,,,,,,,,,,,,,,,,,,,,,,,,,,,,,,,,
Output,Noun,,,,,,,,,,,,,,,,,,,,,,,,,,,,,,,,,,,,,,Salida,,,,,,,,,,,,,,,,,,,,,,sortie,,פלט,,,,Izlaz,,,,,,,,,,,,,,,,,,,,,,,,,,,,,,,,,,,,,,,,,,,,,,,,,,,,Wyjście,,,,,,,,,,,,,,,,,,,,,,,,,,,,,,,,,,,,,,,,,,,,,,,,,,,,,,,,,,,,支出,,,
PSBT,Noun,Partially Signed Bitcoin Transaction,,,,,,,,,,,,,,,,,,,,,,,,,,,,,,,,,,,,,,,,,,,,,,,,,,,,,,,,,,,TBPS,,,,,,,,,,,,,,,,,,,,,,,,,,,,,,,,,,,,,,,,,,,,,,,,,,,,,,,,,,,,,,,,,,,,,,,,,,,,,,,,,,,,,,,,,,,,,,,,,,,,,,,,,,,,,,,,,,,,,,,,,
QR code,Noun,,,,,,,,الرمز المربع,,,,,,,,,,,,,,,,,,,,QR-kode,,,,,,,,,,código QR,,,,,,,,,,,,,,,,,,,,,,code QR,,,,,,,,,,,,,,,,,,QRコード,,,,,,,,,,,,,,,,,,,,,,,,,,,,,,,,,,,,QR code,,,,kod QR,,,,,,,,,,,,,,,,,,,,,,,,,,QR-kod,,,,,,,,,,,,,,,,,,,,,,,,,,,,,,,,,,,,,
Remove,Verb,,,,Verwyder,,,,,,,,,,,,,,,,,,,,,,,,,,,,,,,,,,Eliminar,,,,,,,,,,,,,,,,,,,,,,,,,,,,,,,,,,,,,,,,,,,,,,,,,,,,,,,,,,,,,,,,,,,,,,,,,,,,Verwijder,,,,,,,,,,,,,,,,,,,,,,,,,,,,,,,,,,,,,,,,,,,,,,,,,,,,,,,,,,,,,,,,,,,
Replace-By-Fee,Noun,,,,,,,,,,,,,,,,,,,,,,,,,,,,,,,,,,,,,,Replace-By-Fee,,,,,,,,,,,,,,,,,,,,,,,,עמלה-ניתנת-לשינוי,,,,,,,,,,,,,,,,,,,,,,,,,,,,,,,,,,,,,,,,,,,,,,,,,,,,,,,,,,,,,,,,,,,,,,,,,,,,,,,,,,,,,,,,,,,,,,,,,,,,,,,,,,,,,,,,,,,,,,,
Request,Verb,,,,,,,,,,,,,,,,,,,,,,,,,,,,,,,,,,,,,,Solicitar,,,,,,,,,,,,,,,,,,,,,,,,,,,,,,,,,,,,,,,,,,,,,,,,,,,,,,,,,,,,,,,,,,,,,,,,,,,,,,,,Zażądać,,,,,,,,,,,,,,,,,,,,,,,,,,Begära,,,,,,,,,,,,,,,,,,,,,,,,,,,,,,,,,,,,,
Sent,Adjective,,,,,,,,,,,,,,,,,,,,,,,,,,,,,,,,,,,,,,,,,,,,,,,,,,,,,,,,,,,,,,,,,,,,,,,,,,,,,,,,,,,,,,,,,,,,,,,,,,,,,,,,,,,,,,,,,,,,,,,,,,,,,,,,,,,,,,,,,,,,,,,,,,,,,,,,,,,,,,,,,,,,,,,,,,,,,,,,,,,,,
Sent,Verb,,,,,,,,,,,,,,,,,,,,,,,,,,,,,,,,,,,,,,,,,,,,,,,,,,,,,,,,,,,,,,,,,,,,,,,,,,,,,,,,,,,,,,,,,,,,,,,,,,,,,,,,,,,,,,,,,,,,,,,,,,,,,,,,,,,,,,,,,,,,,,,,,,,,,,,,,,,,,,,,,,,,,,,,,,,,,,,,,,,,,
Threshold,Noun,,,,Drumpel,,,,,,,,,,,,,,,,,,,,,,,,,,,,,,,,,,Umbral,,,,,,,,,,,,,,,,,,,,,,,,,,,,,,,,,,,,,,,,しきい値,,,,,,,,,,,,,,,,,,,,,,,,,,,,,,,,,,,,,,,,,,,,,,,,,,,,,,,,,,,,,,,,,,,,,,,,,,,,,,,,,,,,,,,,,,,,,,,,,,,,,,,
Transaction,Noun,,,,Transaksie,,,,,,,,,,,,,,,,,,,,,,,,Transaktion,,Transaktion,,,,,,,,Transacción,,,,,,,,,,,,,,,,,,,,,,,,עסקה,,,,Prijenos,,Tranzakció,,,,,,,,,,トランザクション,,ტრანსაქცია,,,,,,,,,,,,,,,,,,,,,,,,,,,,,,,,,,Transactie,,,,transakcja,,,,,,,tranzacție,,,,,,,,,,,,,,,,,,,Transaktion,,,,,,లావాదేవీ,,,,İşlem,,,,Транзакція,,,,,,,,,,,,,,,,,,,,交易,,,
Type,Verb,,,,,,,,,,,,,,,,,,,,,,,,,,,,,,,,,,,,,,,,,,,,,,,,,,,,,,,,,,,,,,,,,,,,,,,,,,,,,,,,,,,,,,,,,,,,,,,,,,,,,,,,,,,,,,,,,,,,,,,,,,,,,,,,,,,,,,,,,,,,,,,,,,,,,,,,,,,,,,,,,,,,,,,,,,,,,,,,,,,,,
URI,Noun,,,,,,,,,,,,,,,,,,,,URI,masculí,,,,,,,URI,,,,,,,,,,URI,,,,,,,,,,,,,,,,,,,,,,URI,n. f.,כתובת משאב,,,,,,,,,,,,,,,,,,,,,,,,,,,,,,,,,,,,,,,,,,,,,,,,,,,,URI,,,,,,,,,,,,,,,,,,,,,,,,,,,,,,URI,,,,,,,,,,,,,,,,,,,,,,,,,,,,,,,,,,資源識別碼,,,
URL,Noun,,,,,,,,,,,,,,,,,,,,URL,masculí,,,,,,,URL,,,,,,,,,,URL,,,,,,,,,,,,,,,,نشانی اینترنتی,,,,,,URL,n. f.,,,,,,,,,,,,,,,,,,,,,,,,,,,,,,,,,,,,,,,,,,,,,,,,,,,,,URL,,,,,,,,,,,,,,,,,,,,,,,,,,,,,,URL,,,,,,,,,,,,,,,,,,,,,,,,,,,,,,,,,,網址連結,,,
Unknown,Noun,,,,Onbekende,,,,,,,,,,,,,,,,,,,,,,,,,,,,,,,,,,Desconocido,,,,,,,,,,,,,,,,,,,,,,,,לא ידוע,,,,,,,,,,,,,,,,,,,,,,,,,,,,,,,,,,,,,,,,,,,,,,,,,,,,,,,,,,,,,,,,,,,,,,,,,,,,,,,,,,,,,,,,,,,,,,,,,,,,,,,,,,,,,,,,,,,,,,,
Wallet,Noun,,,,,,,,,,,,,,,,,,,,,,,,,,,,,,,,,,,,,,,,,,,,,,,,,,,,,,,,,,,,,,,,,,,,,,,,,,,,,,,,,,,,,,,,,,,,,,,,,,,,,,,,,,,,,,,,,,,,,,,,,,,,,,кошелька,,,,,,,,,,,,,,,,,,,,,,,,,,,,,,,,,,,,,,,,,,,,,,,,,,,,,,,
Yes,Noun,,,,Ja,,,,,,,,,,,,,,,,,,,,,,,,,,,,,,,,,,Sí,,,,,,,,,,,,,,,,,,,,,,,,,,,,,,,,,,,,,,,,,,,,,,,,,,,,,,,,,,,,,,,,,,,,,,,,,,,,Ja,,,,,,,,,,,,Да,,,,,,,,,,,,,,,,,,Ja,,,,,,,,,,,,,,,,,,,,,,,,,,,,,,,,,,,,,
active,Adjective,,,,,,,,فعال,,,,,,,,,,,,actiu,,,,,,,,,,,,,,,,,,,,,,,,,,,,,,,,,,,,,,,,actif,,,,,,,,,,,,,,,,,,,,,,,,,,,,,,,,,,,,,,,,,,,,,,,,,,,,,,,,,,,,,,,,,,,,,,,,,,,,,,,,,,,,,,,,,,,,,,,,,,,,,,,,,,,,,,,,,,,,,,,,,
active,Adverb,,,,,,,,مفعل,,,,,,,,,,,,,,,,,,,,,,,,,,,,,,,,,,,,,,,,,,,,,,,,,,,,,,,,,,,,,,,,,,,,,,,,,,,,,,,,,,,,,,,,,,,,,,,,,,,,,,,,,,,,,,,,,,,,,,,,,,,,,,,,,,,,,,,,,,,,,,,,,,,,,,,,,,,,,,,,,,,,,,,,,,,,,
activity,Noun,,,,aktiewiteit,,,,تفعيل,,,,,,,,,,,,activitat,,,,,,,,,,Aktivität,,,,,,,,actividad,,,,Actividad,,,,,,actividad,,,,,,,,,,,,activité,,פעילות,,,,,,,,,,Aktivitas,,,,,,アクティビティ,,,,,,,,,,,,,,,,,,,,,,,,,,,,,,,,,,,,activiteit,,,,,,,,,,,,активность,,,,,,,,,,,,,,,,,,aktivitet,,,,,,,,,,,,,,Активність,,,,,,,,,,,,,,,,,,,,,,,
address,,,,,,,,,,,,,,,,,,,,,,,,,,,,,,,,,,,,,,,,,,,,,,,,,,,,,,,,,,,,,,,,,,,,,,,,,,,,,,,,,,,,,,,,,,,,,,,,,,,,,,,,,,,,,,,,,,,,,,,,,,,,,,,адресом,,,,,,,,,,,,,,,,,,,,,,,,,,,,,,,,,,,,,,,,,,,,,,,,,,,,,,,
address,Noun,,,,adres,,,,عنوان,,,,,,,,,,,,adreça,,,,,,,,adresse,,,,,,,,,,dirección,,,,dirección,,,,,,dirección,,,,,,آدرس,,osoite,,,,adresse,,כתובת,,,,,,,,,,Alamat,,,,indirizzo,,アドレス,,,,,,,,,,,,,,,,,,,,,,,,,,,,,,,,,,,,adres,,,,adres,,,,,,,adresă,адрес,,,,,,,,naslov,,,,,,,,,,adress,,,,,,,,,,,,,,адреса,,,,,,,,,,,,,,,,,,,,,,,
address book,Noun,,,,,,,,سجل عناوين,,,,,,,,,,,,,,,,,,,,,,,,,,,,,,libro de direcciones,,,,,,,,,,,,,,,,,,,,,,,,,,,,,,,,,,,,,,,,,,,,,,,,,,,,,,,,,,,,,,,,,,,,,,,,,,,,,,,,,,,,,,,,,,,,,,,,imenik,,,,,,,,,,,,,,,,,,,,,,,,,,,,,,,,,,,,,,,,,,,,,,,
address list,Noun,,,,adres lys,,,,قائمة عنواين,,,,,,,,,,,,,,,,,,,,,,Adressliste,,,,,,,,lista de direcciones,,,,lista de direcciones,,,,,,Lista de direcciones,,,,,,لیست آدرس,,,,,,,,רשימת כתובות,,,,,,,,,,,,,,elenco indirizzi,,アドレス リスト,,,,,,,,,,,,,,,,,,,,,,,,,,,,,,,,,,,,adressenlijst,,,,,,,,,,,lista adreselor,список адресов,,,,,,,,,,,,,,,,,,,,,,,,,,,,,,,,,,,,,,,,,,,,,,,,,,,,,,,
addresses,Noun,,,,,,,,عناوين,,,,,,,,,,,,adreces,,,,,,,,,,,,,,,,,,direcciones,,,,,,,,,,,,,,,,,,,,,,,,,,,,,,,,,,,,,,,,,,,,,,,,,,,,,,,,,,,,,,,,,,,,,,,,,,,,,,,,,,,,,,,,,,,,,,,,,,,,,,,,,,,,,,,,,,,,,,,,,,,,,,,,,,,,,,,,,,,,,,,
after,Verb,,,,,,,,بعد,,,,,,,,,,,,,,,,,,,,,,,,,,,,,,después,,,,,,,,,,,,,,,,,,,,,,,,,,,,,,,,,,,,,,,,,,,,,,,,,,,,,,,,,,,,,,,,,,,,,,,,,,,,,,,,,,,,,,,,,,,,,,,,,,,,,,,,,,,,,,,,,,,,,,,,,,,,,,,,,,,,,,,,,,,,,,,
already,Adjective,,,,,,,,مسبقا,,,,,,,,,,,,,,,,,,,,,,,,,,,,,,,,,,,,,,,,,,,,,,,,,,,,,,,,,,,,,,,,,,,,,,,,,,,,,,,,,,,,,,,,,,,,,,,,,,,,,,,,,,,,,,,,,,,,,,,,,,,,,,,,,,,,,,,,,,,,,,,,,,,,,,,,,,,,,,,,,,,,,,,,,,,,,
amount,Noun,,,,,,,,,,,,,,,,,,,,,,,,,,,,,,,,,,,,,,,,,,,,,,,,,,,,,,,,,,,,,,,,,,,,,,,,,,,,,,,,,,,,,,,,,,,,,,,,,,,,,,,,,,,,,,,,,,,,,,,,,,,,,,,,,,,,,,,,,,,,,,,,belopp,,,,,,,,,,,,,,,,,,,,,,,,,,,,,,,,,,,,,
and change,,,,,,,,,,,,,,,,,,,,,,,,,,,,,,,,,,,,,,,,,,,,,,,,,,,,,,,,,,,,,,,,,,,,,,,,,,,,,,,,,,,,,,,,,,,,,,,,,,,,,,,,,,,,,,,,,,,,,,,,,,,,,,,,,,,,,,,,,,,,,,,,,,,,,,,,,,,,,,,,,,,,,,,,,,,,,,,,,,,,,,
any,Pronoun,,,,,,,,,,,,,,,,,,,,,,,,,,,,,,,,,,,,,,,,,,,,,,,,,,,,,,,,,,,,,,,,,,,,,,,,,,,,,,,,,,,,,,,,,,,,,,,,,,,,,,,,,,,,,,,,,,,,,,,,,,,,,,,,,,,,,,,,,,,,,,,,,,,,,,,,,,,,,,,,,,,,,,,,,,,,,,,,,,,,,
argument,Noun,,,,argument,,,,دليل,,,,,,,,,,,,,,,,,,,,,,,,,,,,,,argumento,,,,argumento,,,,,,,,,,,,,,argumentti,,,,,,,,,,,,,,,,argumen,,,,,,,,,,,,,,,,,,,,,,,,,,,,,,,,,,,,,,,,,,,,,,argument,,,,,,,,,,,,,,,,,,,,,,,,,,argument,,,,,,వాదన,,,,,,,,,,,,,,,,,,,,,,,,选项,,,,,,,
associate,Verb,,,,,,,,,,,,,,,,,,,,,,,,,,,,,,,,,,,,,,,,,,,,,,,,,,,,,,,,,,,,,,,,,,,,,,,,,,,,,,,,,,,,,,,,,,,,,,,,,,,,,,,,,,,,,,,,,,,,,,,,,,,,,,,,,,,,,,,,,,,,,,,,,,,,,,,,,,,,,,,,,,,,,,,,,,,,,,,,,,,,,
auth,Noun,,,,auth,,,,,,,,,,,,,,,,,,,,,,,,,,Authentifikation,,,,,,,,auth,,,,,,,,,,,,,,,,,,todennus,,,,authentification,,,,,,,,,,,,auth,,,,,,,,,,,,,,,,,,,,,,,,,,,,,,,,,,,,,,,,,,,,,,,,,,,,,,аутентификация,,,,,,,,,,,,,,,,,,,,,,,,,,,,,,,,,,,,,,,,,,,,,,,,,,,,,,,
authenticate,Verb,,,,,,,,توثيق,,,,,,,,,,,,,,,,ověřit,,,,,,authentifizieren,,,,,,,,autenticar,,,,autenticar,,,,,,autenticar,,,,,,تصدیق,,,,,,authentifier,,אימות,,,,,,,,,,,,,,,,,,,,,,,,,,,,,,,,,,,,,,,,,,,,,,,,,,,,authenticeer,,,,uwierzytelniać,,,,,,,,аутентифицироваться,,,,,,,,,,,,,,,,,,autentisera,,,,,,ప్రమాణీకరణ,,,,,,,,,,,,,,,,,,,,,,,,授权,,,,身份驗證,,,
backup,,,,,,,,,,,,,,,,,,,,,,,,,,,,,,,,,,,,,,,,,,,,,,,,,,,,,,,,,,,,,,,,,,,,,,,,,,,,,,,,,,,,,,,,,,,,,,,,,,,,,,,,,,,,,,,,,,,,,,,,,,,,,,,,,,,,,,,,,,,,,,,,,,,,,,,,,,,,,,,,,,,,,,,,,,,,,,,,,,,,,,
backup,Noun,,,,,,,,,,,,,,,,,,,,,,,,,,,,,,,,,,,,,,,,,,,,,,,,,,,,,,پشتیبانی,,,,,,,,גיבוי,,,,,,,,,,,,,,,,,,,,,,,,,,,,,,,,,,,,,,,,,,,,,,,,,,,,,,,,,,,,,,,,резервная копия,,,,,,,,,,,,,,,,,,säkerhetskopia,,,,,,,,,,,,,,,,,,,,,,,,,,,,,,,,,,,,,
backup,Verb,,,,,,,,,,,,,,,,,,,,,,,,,,,,,,,,,,,,,,,,,,,,,,,,,,,,,,پشتیبانی گرفتن,,,,,,,,לגבות,,,,,,,,,,,,,,,,,,,,,,,,,,,,,,,,,,,,,,,,,,,,,,,,,,,,,,,,,,,,,,,,,,,,,,,,,,,,,,,,,,,säkerhetskopiera,,,,,,,,,,,,,,,,,,,,,,,,,,,,,,,,,,,,
backups,Noun,,,,,,,,,,,,,,,,,,,,,,,,,,,,,,,,,,,,,,,,,,,,,,,,,,,,,,,,,,,,,,גיבויים,,,,,,,,,,,,,,,,,,,,,,,,,,,,,,,,,,,,,,,,,,,,,,,,,,,,,,,,,,,,,,,,,,,,,,,,,,,,,,,,,,,,,,,,,,,,,,,,,,,,,,,,,,,,,,,,,,,,,,,
balance,Noun,,,,,,,,,,,,,,,,,,,,,,,,,,,,,,,,,,,,,,,,,,,,,,,,,,,,,,,,,,,,,,,,,,,,,,,,,,,,,,,,,,,,,,,,,,,,,,,,,,,,,,,,,,,,,,,,,,,,,,,,,,,,,,,,,,,,,,,,,,,,,,,,saldo,,,,,,,,,,,,,,,,,,,,,,,,,,,,,,,,,,,,,
ban,Verb,,,,,,,,,,,,,,,,,,,,bandejar,,,,,,,,,,,,,,,,,,,,,,,,,,,,,,,,,,,,,,,,,,,,,,,,,,,,,,,,,,,,,,,,,,,,,,,,,,,,,,,,,,,,,,,,,,,,,,,,,,,,,,,,,,,,,,,,,,,,,,,,,,,,bannlysa,,,,,,,,,,,,,,,,,,,,,,,,,,,,,,,,,,,,,
bind,Noun,,,,,,,,,,,,,,,,,,,,,,,,,,,,,,,,,,,,,,,,,,,,,,,,,,,,,,,,,,,,,,,,,,,,,,,,,,,,,,,,,,,,,,,,,,,,,,,,,,,,,,,,,,,,,,,,,,,,,,,,,,,,,,,,,,,,,,,,,,,,,,,,,,,,,,,,,,,,,,,,,,,,,,,,,,,,,,,,,,,,,
bitcoin,Noun,,,,,,,,بتكوين,,,,,,,,,,,,bitcoin,,,,,,,,,,,,,,,,,,,,,,bitcoin,,,,,,,,,,,,,,,,,,,,ביטקוין,,,,,,,,,,bitcoin,,,,,,,,,,,,,,,,,,,,,,,,,,,,,,,,,,,,,,,,,,,,,,,,,,,,,,биткойн,,,,,,,,,,,,,,,,,,bitcoin,,,,பிட்காயின்,,బిటికాయిన్,,,,,,,,,,,,,,,,,,,,,,,,,,,,,,,
block,Noun,,,,blok,,,,كتلة,,,,,,блок,,,,,,,,,,blok,,,,blok,,Block,,,,,,bloko,,bloque,,,,bloque,,,,,,bloque,,,,,,مسدود کردن,,lohko,,,,bloc,,בלוק,,,,blok,,,,,,,,,,blocco,,ブロック,,ბლოკი,,,,,,,,,,,,frustum,,,,,,,,,,,,,,,,,,,,,,blok,"I don't favor translating blocks, block chain or blockchain. In media and in conversation we don't translate these like the French, but we incorporate them in our language. Like we use smart phone for smart phone. Only when trying to explain blockchain to 'ordinary' people we start talking about 'blokken' forming a 'keten'.",,,blok,,,,,,,,блок,,,,,,blok,,,,,,,,,,,,block,,,,பிளாக்,,బ్లాక్,,,,blok,,,,блок,,,,,,,,khối,,,,,,,,区块,,,,區塊,,,
block chain,Noun,,,,,,,,سلسلة الكتلة,,,,,,,,,,,,,,,,,,,,blokkæde,,Blockchain,"Wenn sogar Angela ""Neuland"" Merkel das Wort ""Blockchain"" benutzt, kann man es als hinlänglich gebräuchlich betrachten.",,,,,blokĉeno,,cadena de bloques,,,,,,,,,,bloque de cadena,,,,,,,,lohkoketju,,,,chaîne de blocs,,בלוקצ'יין,,,,niz blokova,,,,,,blockchain ,,,,catena di blocchi,,ブロック チェーン,,ბლოკების ჯაჭვი,,,,,,,,,,,,catena frustorum,,,,,,,,,,,,,,,,,,,,,,blokketen,Of 'blokkenketen'?,,,łańcuch bloków,,,,,,,,цепь блоков,,,,,,blockchain,,,,,,,,,,,,blockkedja,,,,பிளாக் செயின்,,,,,,blok zinciri,,,,ланцюжок блоків,,,,,,,,,,,,,,,,区块链,,,,區塊鏈,,,
block chain storage,Noun,,,,,,,,,,,,,,,,,,,,,,,,,,,,,,Blockchain-Speicher,,,,,,,,,,,,,,,,,,almacenamiento de bloque en cadena,,,,,,,,,,,,,,אחסון הבלוקצ'יין,,,,,,,,,,,,,,,,ブロック チェーン ストレージ,,,,,,,,,,,,,,,,,,,,,,,,,,,,,,,,,,,,block chain opslag,Of (geheugen)opslag,,,magazyn łańcucha bloków,,,,,,,,хранение цепи блоков,,,,,,,,,,,,,,,,,,,,,,,,,,,,,,,,,,,,,,,,,,,,,,,,,,,,,,,
block database,Noun,,,,,,,,,,,,,,,,,,,,,,,,,,,,blokdatabase,,Blockdatenbank,,,,,,,,base de datos de bloques,,,,,,,,,,base de datos de bloque,,,,,,,,lohkotietokanta,,,,base de données des blocs,,מאגר נתוני הבלוקים,,,,,,,,,,,,,,,,ブロック データベース,,,,,,,,,,,,,,,,,,,,,,,,,,,,,,,,,,,,block database,,,,baza bloków,,,,,,,,,,,,,,,,,,,,,,,,,,blockdatabas,,,,பிளாக் தகவல்தளம்,,,,,,blok veritabanı,,,,,,,,,,,,,,,,,,,,,,,,,,,
block index,Noun,,,,,,,,مؤشر الكتلة,,,,,,блоков индекс,,,,,,,,,,,,,,blokindeks,,Blockindex,,,,,,blokindekso,,índice de bloques,,,,,,,,,,,,,,,,,,lohkoindeksi,,,,index des blocs,,מפתח בלוקים,,,,oznaka bloka,,,,,,,,,,indice del blocco,,ブロック インデックス,,ბლოკის ინდექსი,,,,,,,,,,,,index frustorum,,,,,,,,,,,,,,,,,,,,,,blokindex,,,,indeks bloków,,,,,,,,,,,,,,zoznam blokov,,,,,,,,,,,,blockindex,,,,,,,,,,blok dizini,,,,індекс блоків,,,,,,,,,,,,,,,,区块索引,,,,區塊索引,,,
blockchain,,,,,,,,,,,,,,,,,,,,,,,,,,,,,,,Blockchain,,,,,,,,,,,,,,,,,,,,,,,,,,,,,,,,,,,,,,,,,,,,,,,,,,,,,,,,,,,,,,,,,,,,,,,,,,,,,,,,,,,,,,,,,,,,,,,,цепочки блоков,,,,,,,,veriga blokov,,,,,,,,,,,,,,பிளாக்செயின்,,,,,,,,,,,,,,,,,,,,,,,,,,,,,,,,,
blockchain,Noun,,,,,,,,,,,,,,,,,,,,,,,,,,,,,,Blockchain,,,,,,,,,,,,,,,,,,,,,,,,,,,,,,,,,,,,,,,,,,,,,,,,,,,,,,,,,,,,,,,,,,,,,,,,,,,,,,,,,,,,,,,,,,,,,,,,цепочка блоков,,,,,,,,veriga blokov,,,,,,,,,,,,,,பிளாக்செயின்,,,,,,,,,,,,,,,,,,,,,,,,,,,,,,,,,
blocks,Interjection,,,,,,,,,,,,,,,,,,,,,,,,,,,,,,,,,,,,,,,,,,,,,,,,,,,,,,,,,,,,,,בלוקים,,,,,,,,,,,,,,,,,,,,,,,,,,,,,,,,,,,,,,,,,,,,,,,,,,,,blokken,,,,blokuje,,,,,,,,,,,,,,,,,,,,,,,,,,,,,,பிளாக்குகள்,,,,,,,,,,блоки,,,,,,,,,,,,,,,,,,,,,,,
blocks,Noun,,,,,,,,كتل,,,,,,,,,,,,blocs,,,,,,,,blokke,,Blöcke,,,,,,,,bloques,,,,bloques,,,,,,,,,,,,,,,,,,blocs,,בלוקים,,,,,,,,,,,,,,,,,,ბლოკები,,,,,,,,,,,,,,,,,,,,,,,,,,,,,,,,,,blokken,,,,bloki,,,,,,,,,,,,,,,,,,,,,,,,,,block,,,,பிளாக்குகள்,,,,,,bloklar,,,,блоки,,,,,,,,,,,,,,,,,,,,,,,
broadcast,Noun,,,,,,,,,,,,,,,,,,,,,,,,,,,,,,Rundruf,,,,,,,,,,,,,,,,,,,,,,,,,,,,,,,,שידור,,,,,,,,,,,,,,,,,,,,,,,,,,,,,,,,,,,,,,,,,,,,,,,,,,,,,,,,,,,,,,,,,,,,,,,,,,,,,,,,,,,,,,,,,,,,,,,,,,,,,,,,,,,,,,,,,,,,,,,
broadcast,Verb,,,,uitsaai,,,,يبث,,,,,, разпространявам / разпръсквам,,,,,,,,,,,,,,,,senden,,,,,,elsendi,,difundir,"The verb is ""difundir"". The noun is ""difusión"".",,,,,,,,,,,,,,,,,,,,,diffuser,,שידור,,,,emitiraj,,,,,,,,,,,,ブロードキャスト,,"უწყება, მაუწყებლობა",,,,,,,,,,,,disseminare disseminavisse disseminatum,,,,,,,,,,,,,,,,,,,,,,uitzending,,,,rozgłaszać,,,,,,,,,,,,,,vysielať,,,,,,,,,,,,,,,,,,ప్రసారం చేయు,,,,yayınlamak,,,,,,,,,,,,,,,,,,,,广播,,,,公告,,,
bytes,Noun,,,,grepe,,,,,,,,,,,,,,,,bytes,"millor bytes, octet es considera obsolet",,,,,,,,,Byte,,,,,,,,bytes,,,,bytes,,,,,,,,,,,,,,,,,,,,בתים,,,,,,,,,,,,,,,,,,,,,,,,,,,,,,,,,,,,,,,,,,,,,,,,,,,,bytes,,,,,,,,,,,,,,,,,,,,,,,,,,,,,,,,,,,,,,,,,,,,,,,,,,,,,,,,,,,,,,,,位元組,,,
cancel,Noun,,,,,,,,,,,,,,,,,,,,,,,,,,,,,,,,,,,,,,,,,,,,,,,,,,,,,,,,,,,,,,,,,,,,,,,,,,,,,,,,,,,,,,,,,,,,,,,,,,,,,,,,,,,,,,,,,,,,,,,,,,,,,,,,,,,,,,,,,,,,,,,,,,,,,,,,,,,,,,,,,,,,,,,,,,,,,,,,,,,,,
change,Noun,usually meant in the way what you get back after payment (Amount to refund).,,,kleingeld,wat jy terugkry nadat jy betaal het.,,,صرف,,,,,,смяна,,,,,,,,,,změna; (po) změně,,,,ændring,,Wechselgeld,,,,,,restmono,,cambio,,,,,,,,,,cambio,,,,,,تغییر,,vaihtoraha,,,,monnaie,,עודף,,,,promjena,,,,,,,,,,,,おつり,支払い後に戻される差額。釣り銭。,ხურდა,,,,,,,,,,,,,,,,,,,,,,,,,,,,,,,,,,wisselgeld,,,,reszta,,,,,,,restituire,сдача,,,,,,zmena,,vračilo,"Lahko tudi ""vračilo drobiža""",,,,,,,,,växel,,,,,,,,,,para üstü,,,,решта,,,,,,,,,,,,,,,,,,,,零錢,,,
change,Verb,usually synonymously meanings: modify; alter,,,verandering,"aanpas, wysig",,,يغير,,,,,,сменям,Според контекста,,,,,canviar,,,,změnit,,,,ændre,,ändern,,,,,,ŝanĝi,,cambiar,,,,,,,,,,,,,,,,تغییر کردن,,,,,,changer,,,,,,promijeniti,,,,,,,,,,,,変更する,,"გაცვლა, დახურდავება",,,,,,,,,,,,,,,,,,,,,,,,,,,,,,,,,,wijzig,Verbs related to action in the GUI have to be in singular form.,,,zmiana,,,,,,,schimbă,изменять,,,,,,zmeniť,,,,,,,,,,,,ändra,,,,,,మార్చు,,,,değiştirmek,,,,змінити,,,,,,,,,,,,,,,,,,,,更改,,,
change-address,Noun,a type of address in which remaining funds are stored after a transaction,,,,,,,,,,,,,,,,,,,,,,,,,,,,,,,,,,,,,,,,,,,,,,,,,,,,,,,,,,,adresse de monnaie,,,,,,,,,,,,,,,,,,おつりアドレス,,,,,,,,,,,,,,,,,,,,,,,,,,,,,,,,,,,,,,,,,,,,,,,,,,,,,,,,Naslov za vračilo,,,,,,,,,,,,,,,,,,,,,,,,,,,,,,,,,,,,,,,,,,,,,,,
click,Adjective,Click as an adjective?? Don't you mean click as a Noun?,,,,,,,نقر,,,,,,,,,,,,,,,,kliknutí,,,,klik,,,,,,,,,,,,,,,,,,,,,,,,,,کلیک,,,,,,clic,,לחיצה,,,,,,,,,,,,,,clic,,クリック,,,,,,,,,,,,,,,,,,,,,,,,,,,,,,,,,,,,klik,,,,klik,,,,,,,click,,,,,,,,,,,,,,,,,,,,,,,,,క్లిక్,,,,tık,,,,,,,,,,,,,,,,,,,,,,,,,,,
click,Verb,,,,klik,,,,أنقر,,,,,,щракване,с мишка,,,,,,,,,kliknout,,,,klik,,klicken,,,,,,klaki,,clic,,,,,,,,,,,,,,,,کلیک کردن,,,,,,cliquer,,,,,,klik,,,,,,,,,,fare clic,,クリック,,"ჩხვლეტა, დაკლიკვა",,,,,,,,,,,,cliccare cliccavisse cliccatum,,,,,,,,,,,,,,,,,,,,,,klik,,,,kliknąć,,,,,,,,,,,,,,,,,,,,,,,,,,klicka,,,,,,వత్తు,,,,tıklamak,,,,,,,,,,,,,,,,,,,,单击,,,,按一下,,,
click-to-pay,Noun,,,,,,,,أنقر للدفع,,,,,,,,,,,,,,,,,,,,,,,,,,,,,,,,,,,,,,,,,,,,,,,,,,,,cliquer-pour-payer,,,,,,,,,,,,,,,,click-to-pay,,,,დააჭირე გადახდისთვის,,,,,,,,,,,,,,,,,,,,,,,,,,,,,,,,,,,,,,,,,,,,,click pentru a plăti,,,,,,,,,,,,,,,,,,,,,,,,,,,,,satın almak için tıklayın,,,,,,,,,,,,,,,,,,,,一键支付,,,,按就付,bitcoin 付款協議,,
client,Noun,,,,kliënt,,,,,,,,,,клиент,,,,,,client,,,,klient,,,,klient,,,,,,,,kliento,,cliente,,,,,,,,,,,,,,,,,,asiakas,,,,client,,לקוח,,,,klijent,,,,,,,,,,,,クライアント,,კლიენტი,,,,,,,,,,,,,,,,,,,,,,,,,,,,,,,,,,cliënt,depends on the use,,,klient,,,,,,,,,,,,,,,,,,,,,,,,,,klient,,,,,,ఉపయోక్త,,,,istemci,,,,клієнт,,,,,,,,,,,,,,,,客户端,,,,客戶端軟體 客戶端程式 客戶端,,,
clipboard,Noun,,,,knipbord,,,,,,,,,,,,,,,,,,,,schránka,,,,udklipsholder,,,,,,,,tondejo,,portapapeles,,,,,,,,,,,,,,,,,,leikepöytä,,,,presse-papiers,,לוח גזירים,,,,međuspremnik,,,,,,,,,,,,クリップボード,,კლიპბორდი,,,,,,,,,,,,latibulum (n.),,,,,,,,,,,,,,,,,,,,,,klembord,,,,schowek,,,,,,,,,,,,,,,,,,,,,,,,,,Urklipp,,,,,,క్లిప్బోర్డు,,,,pano,,,,буфер обміну,,,,,,,,,,,,,,,,剪贴板,,,,剪貼簿,,,
coin,Noun,,,,munt,,,,,,,,,,монета,,,,,,,,,,,,,,bitcoin,,,,,,,,monero,,moneda,,,,,,,,,,,,,,,,سکه,,kolikko,,,,pièce,,מטבע,,,,novac,,,,,,,,,,,,コイン,,მონეტა,,,,,,,,,,,,,,,,,,,,,,,,,,,,,,,,,,coin,,,,moneta,,,,,,,,,,,,,,,,,,,,,,,,,,pengar,,,,,,బిటికాయిన్,,,,para,,,,монета,,,,,,,,,,,,,,,,币,,,,幣,錢幣 錢,,
coins,Noun,,,,munte,,,,,,,,,,монети,,,,,,,,,,,,,,bitcoin,,,,,,,,moneroj,,monedas,,,,,,,,,,,,,,,,,,kolikot,,,,pièces,,מטבעות,,,,novci,,,,,,,,,,,,コイン,,მონეტები,,,,,,,,,,,,,,,,,,,,,,,,,,,,,,,,,,coins,,,,monety,,,,,,,,,,,,,,,,,,,,,,,,,,pengar,,,,,,,,,,paralar,,,,монети,,,,,,,,,,,,,,,,币,,,,錢,錢幣,,
comma,Noun,,,,komma,,,,,,,,,,,,,,,,,,,,,,,,komma,,,,,,,,,,coma,,,,,,,,,,,,,,,,,,,,,,virgule,,,,,,zarez,,,,,,,,,,,,,,,,,,,,,,,,,,,,,,,,,,,,,,,,,,,,,,,,komma,,,,przecinek,,,,,,,"virgulă (,)",,,,,,,,,,,,,,,,,,,kommatecken,,,,,,,,,,virgül,,,,кома,,,,,,,,,,,,,,,,小数点,,,,逗點,,,
command,Noun,,,,,,,,,,,,,,,,,,,,ordre,,,,,,,,,,,,,,,,,,,,,,,,,,,,,,,,,,,,,,,,,,,,,,,,,,,,,,,,,,,,,,,,,,,,,,,,,,,,,,,,,,,,,,,,,,,,,,,,,,,,,,,,,,,,,,,,,,,,,,,,,,,,,,,,,,,,,,,,,,,,,,,,,,,,,,,,,,,,,,,,,
command-line,Noun,,,,,,,,,,,,,,,,,,,,,,,,,,,,,,,,,,,,,,,,,,,,,,,,,,,,,,,,,,,,,,,,,,,,,,,,,,,,,,,,,,,,,,,,,,,,,,,,,,,,,,,,,,,,,,,,,,,,,,,,,,,,,,,,,,,,,,,,,,,,,,,,kommandorad,,,,,,,,,,,,,,,,,,,,,,,,,,,,,,,,,,,,,
configuration,Noun,,,,konfigurasie,,,,,,,,,,,,,,,,,,,,,,,,,,,,,,,,,,configuración,,,,,,,,,,,,,,,,,,,,,,,,קונפיגורציה,,,,,,,,,,,,,,,,,,,,,,,,,,,,,,,,,,,,,,,,,,,,,,,,,,,,configuratie,,,,,,,,,,,,,,,,,,,,,,,,,,,,,,konfiguration,,,,,,,,,,,,,,,,,,,,,,,,,,,,,,,,,,,,,
confirm,,,,,,,,,,,,,,,,,,,,,,,,,,,,,,,,,,,,,,,,,,,,,,,,,,,,,,,,,,,,,,,,,,,,,,,,,,,,,,,,,,,,,,,,,,,,,,,,,,,,,,,,,,,,,,,,,,,,,,,,,,,,,,,,,,,,,,,,,,,,,,,,,,,,,,,,,,,,,,,,,,,,,,,,,,,,,,,,,,,,,,
confirm,Verb,,,,bevestig,,,,,,,,,,потвърди,,,,,,,,,,,,,,bekræfte,,bestätigen,,,,,,konfirmi,, confirmar,,,,,,,,,,,,,,,,تایید,,,,,,confirmer,,אשרו,,,,potvrdi,,,,,,,,,,,,,,"დადასტურება, დასტური",,,,,,,,,,,,,,,,,,,,,,,,,,,,,,,,,,bevestigen,,,,potwierdź,,,,,,,,,,,,,,potvrdiť,,,,,,,,,,,,bekräfta,,,,,,నిర్థారించు,,,,onaylamak,,,,,,,,,,,,,,,,,,,,确认,,,,確認,,,
confirmation,Noun,,,,,,,,تأكيد,,,,,,,,,,,,,,,,,,,,,,,,,,,,,,,,,,,,,,,,,,,,,,,,,,,,,,אישור,,,,,,,,,,,,,,,,,,,,,,,,,,,,,,,,,,,,,,,,,,,,,,,,,,,,,,,,,,,,,,,,,,,,,,,,,,,,,,,,,,bekräftelse,,,,,,,,,,,,,,,,,,,,,,,,,,,,,,,,,,,,,
confirmations,Noun,,,,,,,,تأكيدات,,,,,,,,,,,,,,,,,,,,,,,,,,,,,,confirmaciones,,,,,,,,,,,,,,,,,,,,,,,,,,,,,,,,,,,,,,,,,,,,,,,,,,,,,,,,,,,,,,,,,,,,,,,,,,,,bevestigingen,,,,potwierdzeń,,,,,,,,,,,,,,,,,,,,,,,,,,bekräftelser,,,,,,,,,,,,,,,,,,,,,,,,,,,,,,,,,,,,,
confirmed,Adjective,,,,bevestig,,,,,,,,,,потвърден,,,,,,,,,,,,,,bekræftet,,bestätigt,,,,,,konfirmita,,confirmado,,,,,,,,,,,,,,,,,,varmistettu,,,,confirmé,,אושר,,,,potvrđen,,,,,,,,,,,,,,დადასტურებულია,,,,,,,,,,,,,,,,,,,,,,,,,,,,,,,,,,bevestigd,,,,potwierdzone,,,,,,,confirmat,,,,,,,,,,,,,,,,,,,bekräftad,,,,,,నిర్ధారించబడినది,,,,doğrulandı,,,,,,,,,,,,,,,,,,,,已确认,,,,已確認,,,
connect,Verb,,,,,,,,,,,,,,,,,,,,,,,,,,,,forbinde,,Verbindung herstellen,,,,,,,,conectar,,,,,,,,,,,,,,,,,,,,,,,,,,,,,,,,,,,,,,,,,,,,,,,,,,,,,,,,,,,,,,,,,,,,,,,,,,,,verbind,,,,połączyć,,,,,,,,,,,,,,,,,,,,,,,,,,,,,,,,,,,,,,,,,,,,,,,,,,,,,,,,,,,,,,,
connecting,Verb,,,,,,,,,,,,,,,,,,,,,,,,,,,,,,,,,,,,,,,,,,,,,,,,,,,,,,,,,,,,,,,,,,,,,,,,,,,,,,,,,,,,,,,,,,,,,,,,,,,,,,,,,,,,,,,,,,,,,,,,,,,,,,,,,,,,,,,,,,,,,,,,,,,,,,,,,,,,,,,,,,,,,,,,,,,,,,,,,,,,,
connection,Noun,,,,,,,,,,,,,,свързване,,,,,,,,,,,,,,forbindelse,,Verbindung,,,,,,konekto,,conexión,,,,,,,,,,,,,,,,اتصال,,yhteys,,,,connexion,,חיבור,,,,veza,,,,,,,,,,connessione,,接続,,შეერთება,,,,,,,,,,,,conexio conexionis (f.),,,,,,,,,,,,,,,,,,,,,,verbinding,,,,połączenie,,,,,,,conexiune,,,,,,,,,,,,,,,,,,,,,,,,,అనుసంధానం,,,,bağlantı,,,,з'єднання,,,,,,,,,,,,,,,,连接,,,,連線,,,
connections,Noun,,,,,,,,,,,,,,,,,,,,connexions,,,,,,,,forbindelser,,Verbindungen,,,,,,,,conexiones,,,,,,,,,,,,,,,,,,,,,,connexions,,,,,,,,,,,,,,,,,,,,,,,,,,,,,,,,,,,,,,,,,,,,,,,,,,,,,,verbindingen,,,,połączenia,,,,,,,conexiuni,,,,,,,,,,,,,,,,,,,,,,,,,అనుసంధానాలు,,,,bağlantılar,,,,,,,,,,,,,,,,,,,,,,,,,,,
console,Noun,,,,,,,,وحدة التحكم,,,,,,конзола,,,,,,,,,,,,,,konsol,,Konsole,,,,,,,,consola,,,,,,,,,,,,,,,,,,,,,,console,,מסוף בקרה,,,,,,,,,,,,,,,,,,,,,,,,,,,,,,,,,,,,,,,,,,,,,,,,,,,,,,,,konsola,,,,,,,,,,,,,,,,,,,,,,,,,,,,,,,,కన్సోల్,,,,konsol,,,,,,,,,,,,,,,,,,,,,,,,控制台,,,
continue,Verb,,,,,,,,,,,,,,,,,,,,,,,,,,,,,,,,,,,,,,,,,,,,,,,,,,,,,,,,,,,,,,,,,,,,,,,,,,,,,,,,,,,,,,,,,,,,,,,,,,,,,,,,,,,,,,,,,,,,,,,,,,,,,,,,,,,,,,,,,,,,,,,,,,,,,,,,,,,,,,,,,,,,,,,,,,,,,,,,,,,,,
cookie,Noun,,,,,,,,,,,,,,,,,,,,galeta,,,,,,,,cookie,,,,,,,,,,cookie,,,,,,,,,,,,,,,,,,eväste,,,,témoin,fichier témoin,,,,,,,,,,,,,,,,,,,,,,,,,,,,,,,,,,,,,,,,,,,,,,,,,,,,,cookie,,,,ciastko,,,,,,,,,,,,,,,,,,,,,,,,,,,,,,,,కుకీ,,,,çerez,,,,,,,,,,,,,,,,,,,,,,,,,,,
copy,Noun,,,,,,,,,,,,,,,,,,,,còpia,,,,,,,,,,,,,,,,,,,,,,,,,,,,,,,,,,,,,,,,,,,,,,,,,,,,,,,,,,,,,,,,,,,,,,,,,,,,,,,,,,,,,,,,,,,,,,,,,,,,,,,,,,,,,,,,,,,,,,,,,,,,,,,,,,,,,,,,,,,,,,,,,,,,,,,,,,,,,,,,,
create,Verb,,,,skep,,,,,,,,,,създавам,,,,,,,,,,,,,,oprette,,erstellen,,,,,,krei,,crear,,,,,,,,,,,,,,,,ساختن,,,,,,créer,,יצירה,,,,stvori,ili kreiraj?,,,,,,,,,,,,,"შექმნა, გახსნა",,,,,,,,,,,,,,,,,,,,,,,,,,,,,,,,,,creëer,,,,stworzyć,,,,,,,,,,,,,,,,,,,,,,,,,,,,,,,,సృష్టించు,,,,oluşturmak,,,,створити,,,,,,,,,,,,,,,,,,,,產生,,,
current,Adjective,,,,,,,,,,,,,,,,,,,,,,,,,,,,,,,,,,,,,,,,,,,,,,,,,,,,,,,,,,,,,,,,,,,,,,,,,,,,,,,,,,,,,,,,,,,,,,,,,,,,,,,,,,,,,,,,,,,,,,,,,,,,,,,,,,,,,,,,,,,,,,,,,,,,,,,,,,,,,,,,,,,,,,,,,,,,,,,,,,,,,
custom,Adjective,,,,,,,,,,,,,,,,,,,,,,,,,,,,,,angepasst,,,,,,,,,,,,,,,,,,,,,,,,,,,,,,personnalisé,,,,,,,,,,,,,,,,,,,,,,,,,,,,,,,,,,,,,,,,,,,,,,,,,,,,,,,,,,niestandardowe,,,,,,,personalizat,,,,,,,,,,,,,,,,,,,anpassad,,,,,,,,,,özel,,,,,,,,,,,,,,,,,,,,,,,,自訂,,,
daemon,Noun,,,,,,,,,,,,,,демон,,,,,,,,,,,,,,,,,,,,,,demono,,servicio,"También traducido como ""demonio"" en algunas ocasiones, pero es más común el uso de ""servicio"".",,,,,,,,,,,,,,,,,,,,,démon,,,,,,,,,,,,,,,,,,,,დემონი,,,,,,,,,,,,,,,,,,,,,,,,,,,,,,,,,,daemon,,,,,,,,,,,,,,,,,,,,,,,,,,,,,,,,,,,,డెమోన్,,,,,,,,демон,,,,,,,,,,,,,,,,,,,,護靈,背景程式,,
data,Noun,,,,,,,,,,,,,,,,,,,,,,,,,,,,,,,,,,,,,,,,,,,,,,,,,,,,,,,,,,,,,,,,,,,,,,,,,,,,,,,,,,,,,,,,,,,,,,,,,,,,,,,,,,,,,,,,,,,,,,,,,,,,,,,,,,,,,,,,,,,,,,,,,,,,,,,,,,,,,,,,,,,,,,,,,,,,,,,,,,,,,
data dir,Noun,,,,,,,,,,,,,,,,,,,,,,,,,,,,datamappe,,Datenverzeichnis,,,,,,,,,,,,,,,,,,,,,,,,,,data-hakemisto,,,,répertoire des données,,,,,,,,,,,,,,,,,,,,,,,,,,,,,,,,,,,,,,,,,,,,,,,,,,,,,,gegevensmap,,,,,,,,,,,,,,,,,,,,,,,,,,,,,,,,,,,,,,,,,,,,,,,,,,,,,,,,,,,,,,,,,,,
data directory,Noun,,,,,,,,,,,,,,,,,,,,,,,,,,,,datamappe,,Datenverzeichnis,,,,,,,,directorio de datos,,,,,,,,,,,,,,,,,,data-hakemisto,,,,répertoire des données,,,,,,,,,,,,,,,,,,,,,,,,,,,,,,,,,,,,,,,,,,,,,,,,,,,,,,gegevensmap,,,,,,,,,,,,,,,,,,,,,,,,,,,,,,,,,,,,,,,,,,,,,,,,,,,,,,,,,,,,,,,,,,,
database,Noun,,,,,,,,,,,,,,,,,,,,,,,,,,,,,,Datenbank,,,,,,,,,,,,,,,,,,,,,,,,,,,,,,,,,,,,,,,,,,,,,,,,,,,,,,,,,,,,,,,,,,,,,,,,,,,,,,,,,,,,,,,,,,,,,,,,,,,,,,,,,,,,,,,,,,,,,,தகவல்தளம்,,,,,,,,,,,,,,,,,,,,,,,,,,,,,,,,,
datadir,,,,,,,,,,,,,,,работна директория,,,,,,,,,,,,,,datamappe,,,,,,,,,,,,,,,,,,,,,,,,,,,,,,,,,,,,,,,,,,,,,,,,,,,,,,,,,,,,,,,,,,,,,,,,,,,,,,,,,,,,,,gegevensmap,,,,katalog danych,,,,,Pasta de dados,,,,,,,,,,,,,,,,,,,,,,,,,,,,,,,,,,,,,,,,,,,,,,,,,,,,,,,資料目錄,,,
datadir,Noun,,,,,,,,,,,,,,,,,,,,,,,,,,,,datamappe,,Datenverzeichnis,,,,,,,,,,,,,,,,,,,,,,,,,,data-hakemisto,,,,répertoire des données,,,,,,,,,,,,,,,,,,,,,,,,,,,,,,,,,,,,,,,,,,,,,,,,,,,,,,gegevensmap,,,,,,,,,,,,,,,,,,,,,,,,,,,,,,,,,,,,,,,,,,,,,,,,,,,,,,,,,,,,,,,,,,,
day,Noun,,,,dag,,,,,,,,,,,,,,,,,,,,,,,,,,Tag,,,,,,,,día,,,,,,,,,,,,,,,,,,,,,,,,יום,,,,,,,,,,,,,,,,,,,,,,,,,,,,,,,,,,,,,,,,,,,,,,,,,,,,dag,,,,,,,,,,,,,,,,,,,,,,,,,,,,,,dag,,,,,,,,,,,,,,,,,,,,,,,,,,,,,,,,,,,,,
days,Noun,,,,dae,,,,,,,,,,,,,,,,,,,,,,,,,,Tage,,,,,,,,días,,,,,,,,,,,,,,,,,,,,,,,,ימים,,,,,,,,,,,,,,,,,,,,,,,,,,,,,,,,,,,,,,,,,,,,,,,,,,,,dagen,,,,,,,,,,,,,,,,,,,,,,,,,,,,,,dagar,,,,,,,,,,,,,,,,,,,,,,,,,,,,,,,,,,,,,
debug,Adjective,,,,,,,,,,,,,,,,,,,,,,,,,,,,,,,,,,,,,,de depuración,,,,,,,,,,,,,,,,,,,,,,de débogage,,,,,,,,,,,,,,,,,,デバッグ,,,,,,,,,,,,,,,,,,,,,,,,,,,,,,,,,,,,,,,,,,,,,,,,,,,,,,,,,,,,,,,,,,,,,,,,,,,,hata ayıklama,,,,,,,,,,,,,,,,,,,,,,,,除錯,,,
debug,Verb,,,,,,,,,,,,,,тестов,Според контекста,,,,,,,,,,,,,,,debuggen,,,,,,sencimigi,,depurar,,,,,,,,,,,,,,,,اشکال زدایی,,,,,,déboguer,,,,,,,,,,,,,,,,,,デバッグ,,დახვეწა,,,,,,,,,,,,,,,,,,,,,,,,,,,,,,,,,,debug,,,,,,,,,,,,,,,,,,,,,,,,,,,,,,,,,,,,,,,,hata ayıklamak,,,,,,,,,,,,,,,,,,,,,,,,除錯,,,
decrypt,Verb,,,,,,,,,,,,,,дешифрирам,,,,,,,,,,,,,,afkryptere,,entschlüsseln,,,,,,malĉifri,,descifrar,,,,,,,,,,,,,,,,,,,,,,déchiffrer,,פענוח,,,,dešifrirati,,,,,,,,,,decifrare,,復号する,,გაშიფრვა,,,,,,,,,,,,decifrare decifravisse decifratum,,,,,,,,,,,,,,,,,,,,,,ontsleutel,,,,odszyfrować,,,,,,,,,,,,,,,,,,,,,,,,,,dekryptera,,,,,,,,,,şifre çözmek,,,,,,,,,,,,,,,,,,,,解密,,,,解密,解鎖,,
decryption,Noun,,,,,,,,,,,,,,,,,,,,,,,,,,,,,,,,,,,,,,,,,,,,,,,,,,,,,,,,,,,,,,פענוח,,,,,,,,,,,,,,,,,,,,,,,,,,,,,,,,,,,,,,,,,,,,,,,,,,,,,,,,,,,,,,,,,,,,,,,,,,,,,,,,,,,,,,,,,,,,,,,,,,,,,,,,,,,,,,,,,,,,,,,
default,,,,,verstek,,,,,,,,,,,,,,,,,,,,,,,,,,,,,,,,,,,,,,,,,,,,,,,,,,,,,,,,par défaut,,,,,,,,,,,,,,,,,,初期値,,,,,,,,,,,,,,,,,,,,,,,,,,,,,,,,,,,,standaard,,,,domyślnie,,,,,,,implicit,,,,,,,,,,,,,,,,,,,,,,,,,,,,,önseçili değer,,,,,,,,,,,,,,,,,,,,,,,,預設(值),,,
default,Adjective,,,,,,,,,,,,,,подразбиращ се,,,,,,,,,,,,,,standard,,,,,,,,defaŭlta,,"por defecto, predeterminado",,,,,,,,,,,,,,,,,,oletus,,,,par défaut,,בררת מחדל,,,,zadano,,,,,,,,,,,,初期値,,ნაგულისხმევი,,,,,,,,,,,,praedefinitus/a/um,,,,,,,,,,,,,,,,,,,,,,standaard,,,,domyślny,,,,,,,implicit,по умолчанию,,,,,,,,,,,,,,,,,,,,,,,,,,,,önseçili,,,,типовий,,,,,,,,,,,,,,,,默认,,,,預設,,,
default,Noun,,,,verstek,,,,,,,,,,подразбран,,,,,,,,,,,,,,standard,,Standardeinstellung,"evtl. lieber ""Voreinstellung"" - siehe Diskussion https://www.transifex.com/bitcoin/teams/159/discussions/18003/",,,,,defaŭlto,,"por defecto, predeterminado",,,,,,,,,,,,,,,,پیش فرض,,,,,,valeur par défaut,,בררת מחדל,,,,zadana vrijednost,,,,,,,,,,,,初期値,,ნაგულისხმევი,,,,,,,,,,,,praedefinitum (n.),,,,,,,,,,,,,,,,,,,,,,standaard,,,,domyślny,,,,,,,,по умолчанию,,,,,,,,,,,,,,,,,,,,,,,,ఉపేక్షం,,,,,,,,типово,,,,,,,,,,,,,,,,默认,,,,預設值,,,
default,Verb,,,,verstek,,,,,,,,,,,,,,,,,,,,,,,,,,,,,,,,,,,,,,,,,,,,,,,,,,,,,,,,,,,,,,,,,,,,,,,,,,初期値,,,,,,,,,,,,,,,,,,,,,,,,,,,,,,,,,,,,,,,,,,,,,,,,,,,,,,,,,,,,,,,,,,,,,,,,,,,,,,,,,,,,,,,,,,,,,,,,,,,,,,,
delete,Verb,,,,,,,,,,,,,,,,,,,,,,,,,,,,,,,,,,,,,,,,,,,,,,,,,,,,,,,,,,,,,,,,,,,,,,,,,,,,,,,,,,,,,,,,,,,,,,,,,,,,,,,,,,,,,,,,,,,,,,,,,,,,,,,,,,,,,,,,,,,,,,,,ta bort,,,,,,,,,,,,,,,,,,,,,,,,,,,,,,,,,,,,,
detail,Noun,,,,,,,,,,,,,,подробност,,,,,,,,,,,,,,,,Detail,,,,,,detalo,,detalle,,,,,,,,,,,,,,,,,,,,,,détail,,,,,,detalj,,,,,,,,,,,,詳細,,დეტალი,,,,,,,,,,,,,,,,,,,,,,,,,,,,,,,,,,detail,,,,szczegół,,,,,,,,,,,,,,,,,,,,,,,,,,,,,,,,వివరము,,,,,,,,,,,,,,,,,,,,,,,,,,,,明細,,,
detail,Verb,"Is this the verb ""to detail""? It isn't marked as noun/verb/etc.",,,,,,,,,,,,,описвам,(подробно),,,,,,,,,,,,,,,zuweisen,,,,,,,,detallar,,,,,,,,,,,,,,,,,,,,,,préciser,indiquer,,,,,utanačiti,,,,,,,,,,,,詳細,,დეტალიზება,,,,,,,,,,,,,,,,,,,,,,,,,,,,,,,,,,,,,,wyszczególnić,,,,,,,,,,,,,,,,,,,,,,,,,,,,,,,,,,,,,,,,,,,,,,,,,,,,,,,,,,,,明細,,,
details,Noun,,,,,,,,,,,,,,подробности,,,,,,,,,,,,,,,,Details,,,,,,detaloj,,detalles,,,,,,,,,,,,,,,,,,,,,,détails,,פרטים,,,,detalji,,,,,,,,,,dettagli,,詳細,,დეტალები,,,,,,,,,,,,particularia particularium (n.),,,,,,,,,,,,,,,,,,,,,,details,,,,szczegóły,,,,,,,,,,,,,,,,,,,,,,,,,,detaljer,,,,,,వివరాలు,,,,ayrıntılar,,,,,,,,,,,,,,,,,,,,详情，详细信息,,,,明細,,,
diagnostic,Adjective,,,,,,,,,,,,,,,,,,,,,,,,,,,,,,,,,,,,,,,,,,,,,,,,,,,,,,,,,,,,,,,,,,,,,,,,,,,,,,,,,,,,,,,,,,,,,,,,,,,,,,,,,,,,,,,,,,,,,,,,,,,,,,,,,,,,,,,,,,,,,,,,,,,,,,,,,,,,,,,,,,,,,,,,,,,,,,,,,,,,,
diagnostics,Noun,,,,,,,,,,,,,,,,,,,,,,,,,,,,,,,,,,,,,,,,,,,,,,,,,,,,,,,,,,,,,,,,,,,,,,,,,,,,,,,,,,,,,,,,,,,,,,,,,,,,,,,,,,,,,,,,,,,,,,,,,,,,,,,,,,,,,,,,,,,,,,,,,,,,,,,,,,,,,,,,,,,,,,,,,,,,,,,,,,,,,
directory,,,,,,,,,,,,,,,,,,,,,,,,,,,,,,,,,,,,,,,directorio,,,,,,,,,,,,,,,,,,,,,,,,,,,,,,,,,,,,,,,,,,,,,,,,,,,,,,,,,,,,,,,,,,,,,,,,,,,,map,,,,,,,,,,,folder,,,,,,,,,,,,,,,,,,,,,,,,,,,,,,,,,,,,,,,,,,,,,,,,,,,,,,,,
directory,Noun,,,,gids,,,,,,,,,,,,,,,,,,,,,,,,,,Verzeichnis,,,,,,,,directorio,,,,,,,,,,,,,,,,,,,,,,,,,,,,,,,,,,,,,,,,,,,,,,,,,,,,,,,,,,,,,,,,,,,,,,,,,,,,map,,,,,,,,,,,,,,,,,,,,,,,,,,,,,,,,,,,,,,,,,,,,,,,,,,,,,,,,,,,,,,,,,,,
disabled,,,,,,,,,,,,,,,,,,,,,,,,,,,,,,,,,,,,,,,deshabilitada,,,,,,,,,,,,,,,,,,,,,,,,,,,,,,,,,,,,,,,,,,,,,,,,,,,,,,,,,,,,,,,,,,,,,,,,,,,,,,,,,,,,,,,,,,,,,,,,,,,,,,,,,,,,,,,,,,,,,,,,,,,,,,,,,,,,,,,,,,,,,,,
disabled,Adjective,,,,gedeaktiveer,,,,,,,,,,,,,,,,,,,,,,,,,,deaktiviert,,,,,,,,deshabilitado,,,,,,,,,,,,,,,,,,,,,,,,,,,,,,,,,,,,,,,,,,,,,,,,,,,,,,,,,,,,,,,,,,,,,,,,,,,,uitgeschakeld,,,,,,,,,,,,,,,,,,,,,,,,,,,,,,,,,,,,,,,,,,,,вимкнено,,,,,,,,,,,,,,,,,,,,,,,
disk,Noun,,,,,,,,,,,,,,,,,,,,,,,,,,,,,,,,,,,,,,,,,,,,,,,,,,,,,,,,,,,,,,,,,,,,,,,,,,,,,,,,,,,,,,,,,,,,,,,,,,,,,,,,,,,,,,,,,,,,,,,,,,,,,,,,,,,,,,,,,,,,,,,,,,,,,,,,,,,,,,,,,,,,,,,,,,,,,,,,,,,,,
download,Verb,,,,,,,,,,,,,,,,,,,,,,,,,,,,,,,,,,,,,,,,,,,,,,,,,,,,,,,,,,,,,,,,,,,,,,,,,,,,,,,,,,,,,,,,,,,,,,,,,,,,,,,,,,,,,,,,,,,,,,,,,,,,,,,,,,,,,,,,,,,,,,,,,,,,,,,,,,,,,,,,,,,,,,,,,,,,,,,,,,,,,
dust,Noun,,,,,,,,غبار,,,,,,"остатък, -ци",,,,,,,,,,,,,,,,Staub,,,,,,polvo,,polvo,,,,,,,,,,,,,,,,,,tomu,,,,poussière,,אבק,,,,,,,,,,,,,,,,,,"ნაშთი, მტვერი, ფულის დასტა",,,,,,,,,,,,,,,,,,,,,,,,,,,,,,støv,,,,stof,,,,kurz,,,,,,,,пыль,,,,,,,,,,,,,,,,,,damm,,,,,,,,,,toz,,,,пил,,,,,,,,,,,,,,,,,,,,零散錢,,,
e.g.,Noun,,,,,,,,,,,,,,т.е.,,,,,,,,,,,,,,fx,,z. B.,,,,,,,,por ejemplo,,,,,,,,,,,,,,,,,,,,,,p. ex.,,למשל,,,,n.p.r.,,,,,,,,,,,,,,,,,,,,,,,,,,,,,,,,,,,,,,,,,,,,,,,,bijvoorbeeld,,,,np.,,,,,,,,,,,,,,,,,,,,,,,,,,t.ex.,,,,,,ఉదా.,,,,,,,,тобто,,,,,,,,,,,,,,,,,,,,例子,,,
ecrypt,Verb,,,,,,,,,,,,,,,,,,,,,,,,,,,,,,,,,,,,,,,,,,,,,,,,,,,,,,,,,,,,,,,,,,,,,,,,,,,,,,,,,,,,,,,,,,,,,,,,,,,,,,,,,,,,,,,,,,,,,,,,,,,,,,,,,,,,,,,,,,,,,,,,,,,,,,,,,,,,,,,,,,,,,,,,,,,,,,,,,,,,,
edit,Verb,,,,,,,,,,,,,,редактирам,,,,,,,,,,,,,,redigere,,bearbeiten,,,,,,redakti,,editar,,,,,,,,,,,,,,,,ویرایش,,,,,,modifier,,,,,,uredi,,,,,,,,,,modificare,,編集,,რედაქტირება,,,,,,,,,,,,mutare mutavisse mutatum,,,,,,,,,,,,,,,,,,,,,,bewerk,,,,edytować,,,,,,,modifică,,,,,,,,,,,,,,,,,,,redigera,,,,,,సవరించు,,,,düzenlemek,,,,редагувати,,,,,,,,,,,,,,,,编辑,,,,編輯,,,
enable,Verb,,,,,,,,,,,,,,,,,,,,,,,,,,,,,,,,,,,,,,,,,,,,,,,,,,,,,,,,,,,,,,,,,,,,,,,,,,,,,,,,,,,,,,,,,,,,,,,,,,,,,,,,,,,,,,,,,,,,,,,,,,,,,,,,,,,,,,,,,,,,,,,,,,,,,,,,,,,,,,,,,,,,,,,,,,,,,,,,,,,,,
encrypt,Verb,,,,,,,,,,,,,,шифриром,,,,,,,,,,,,,,kryptere,,verschlüsseln,,,,,,ĉifri,,encriptar,"encrypt is ""encriptar"". cipher is ""cifrar"".",,,,,,,,,,,,,,,,,salaa,,,,chiffrer,,הצפן,,,,šifrirati,,,,,,,,,,cifrare,,暗号化する,,დაშიფრვა,,,,,,,,,,,,cifrare cifravisse cifratum,,,,,,,,,,,,,,,,,,,,,,versleutel,,,,szyfrować,,,,,,,,,,,,,,,,,,,,,,,,,,kryptera,,,,,,సంకేతపరుచు,,,,şifrelemek,,,,,,,,,,,,,,,,,,,,加密,,,,加密,,,
encrypted,Adjective,,,,,,,,,,,,,,,,,,,,,,,,,,,,,,,,,,,,,,,,,,,,,,,,,,,,,,,,,,,,,,,,,,,,,,,,,,,,,,,,,,,,,,,,,,,,,,,,,,,,,,,,,,,,,,,,,,,,,,,,,,,,,,,,,,,,,,,,,,,,,,,,,,,,,,,,,,,,,,,,,,,,,,,,,,,,,,,,,,,,,
encrypted,Noun,,,,,,,,,,,,,,,,,,,,,,,,,,,,,,,,,,,,,,,,,,,,,,,,,,,,,,,,,,,,,,מוצפן,,,,,,,,,,,,,,,,,,,,,,,,,,,,,,,,,,,,,,,,,,,,,,,,,,,,,,,,,,,,,,,,,,,,,,,,,,,,,,,,,,,,,,,,,,,,,,,,,,,,,,,,,,,,,,,,,,,,,,,
encryption,Noun,,,,,,,,,,,,,,,,,,,,,,,,,,,,,,,,,,,,,,,,,,,,,,,,,,,,,,,,,,,,,,הצפנה,,,,,,,,,,,,,,,,,,,,,,,,,,,,,,,,,,,,,,,,,,,,,,,,,,,,,,,,,,,,,,,,,,,,,,,,,,,,,,,,,,,,,,,,,,,,,,,,,,,,,,,,,,,,,,,,,,,,,,,
enter (text),Verb,,,,,,,,,,,,,,въвеждам (текст),,,,,,,,,,,,,,indtaste (tekst),,(Text) eingeben,,,,,,entajpi (tekston),,,,,,,,,,,,,,,,,,,,,,,,saisir,,,,,,unijeti (tekst),,,,,,,,,,,,入力(テキスト),,შეყვანა (ტექსტის),,,,,,,,,,,,inserere inseruisse insertum,,,,,,,,,,,,,,,,,,,,,,voer in,,,,wprowadzać (tekst),,,,,,,Introdu (text),,,,,,,,,,,,,,,,,,,,,,,,,(వాచకం) చేర్చు,,,,,,,,,,,,,,,,,,,,,,,,输入 键入（文本）,,,,輸入,,,
entered,Adjective,,,,,,,,,,,,,,,,,,,,,,,,,,,,,,,,,,,,,,,,,,,,,,,,,,,,,,,,,,,,,,,,,,,,,,,,,,,,,,,,,,,,,,,,,,,,,,,,,,,,,,,,,,,,,,,,,,,,,,,,,,,,,,,,,,,,,,,,,,,,,,,,,,,,,,,,,,,,,,,,,,,,,,,,,,,,,,,,,,,,,
entry,Noun,,,,,,,,,,,,,,,,,,,,,,,,,,,,,,,,,,,,,,,,,,,,,,,,,,,,,,,,,,,,,,,,,,,,,,,,,,,,,,,,,,,,,,,,,,,,,,,,,,,,,,,,,,,,,,,,,,,,,,,,,,,,,,,,,,,,,,,,,,,,,,,,,,,,,,,,,,,,,,,,,,,,,,,,,,,,,,,,,,,,,
error,Noun,,,,fout,,,,,,,,,,грешка,,,,,,,,,,,,,,fejl,,Fehler,,,,,,eraro,,error,,,,,,,,,,,,,,,,,,virhe,,,,erreur,,שגיאה,,,,pogreška,,,,,,,,,,errore,,エラー,,შეცდომა,,,,,,,,,,,,,,,,,,,,,,,,,,,,,,,,,,fout,,,,błąd,,,,,,,eroare,,,,,,,,,,,,,,,,,,,fel,,,,,,లోపం,,,,,,,,помилка,,,,,,,,,,,,,,,,,,,,錯誤,,,
error message,Noun,,,,,,,,,,,,,,,,,,,,,,,,,,,,,,,,,,,,,,,,,,,,,,,,,,,,,,,,,,,,,,,,,,,,,,,,,,,,,,,,,,,,,,,,,,,,,,,,,,,,,,,,,,,,,,,,,,,,,,,,,,,,,,,,,,,,,,,,,,,,,,,,,,,,,,,,,,,,,,,,,,,,,,,,,,,,,,,,,,,,,
exist,Verb,,,,,,,,,,,,,,,,,,,,,,,,,,,,,,,,,,,,,,,,,,,,,,,,,,,,,,,,,,,,,,,,,,,,,,,,,,,,,,,,,,,,,,,,,,,,,,,,,,,,,,,,,,,,,,,,,,,,,,,,,,,,,,,,,,,,,,,,,,,,,,,,,,,,,,,,,,,,,,,,,,,,,,,,,,,,,,,,,,,,,
expired,Verb,,,,verstryk,,,,,,,,,,,,,,,,,,,,,,,,,,,,,,,,,,,,,,,,,,,,,,,,,,,,,,,,,,פג תוקף,,,,,,,,,,,,,,,,,,,,,,,,,,,,,,,,,,,,,,,,,,,,,,,,,,,,verlopen,,,,,,,,,,,,,,,,,,,,,,,,,,,,,,,,,,,,,,,,,,,,,,,,,,,,,,,,,,,,,,,,,,,
export,Verb,,,,uitvoer,,,,,,,,,,изнасям,,,,,,,,,,,,,,eksportere,,,,,,,,eksporti,,exportar,,,,,,,,,,,,,,,,,,,,,,exporter,,יצוא,,,,izvezi,,,,,,,,,,esportare,,,,ექსპორტი,,,,,,,,,,,,,,,,,,,,,,,,,,,,,,,,,,exporteer,,,,eksportować,,,,,,,,,,,,,,,,,,,,,,,,,,exportera,,,,,,ఎగుమతి,,,,,,,,,,,,,,,,,,,,,,,,,,,,匯出,,,
fail,Verb,,,,,,,,,,,,,,неуспешно действие,,,,,,,,,,,,,,,,,,,,,,malsukcesi,,,,,,,,,,,,,,,,,,,,,,,,échouer,,,,,,iznevjeriti,,,,,,,,,,,,失敗する,,შეცდომა,,,,,,,,,,,,aboriri abortum,,,,,,,,,,,,,,,,,,,,,,mislukt,,,,zawieść,,,,,,,,,,,,,,,,,,,,,,,,,,,,,,,,విఫలం,,,,,,,,,,,,,,,,,,,,,,,,失败，未通过,,,,失敗,,,
fallbackfee,Noun,,,,,,,,,,,,,,,,,,,,,,,,,,,,,,,,,,,,,,,,,,,,,,,,,,,,,,,,,,,,,,,,,,,,,,,,,,,,,,,,,,,,,,,,,,,,,,,,,,,,,,,,,,,,,,,,,,,,,,,,,,,,,,,,,,,,,,,,,,,,,,,,,,,,,,,,,,,,,,,,,,,,,,,,,,,,,,,,,,,,,
false,Adjective,,,,,,,,,,,,,,,,,,,,,,,,,,,,,,,,,,,,,,,,,,,,,,,,,,,,,,,,,,,,,,,,,,,,,,,,,,,,,,,,,,,,,,,,,,,,,,,,,,,,,,,,,,,,,,,,,,,,,,,,,,,,,,,,,,,,,,,,,,,,,,,,,,,,,,,,,,,,,,,,,,,,,,,,,,,,,,,,,,,,,
fatal,Adjective,,,,,,,,,,,,,,,,,,,,,,,,,,,,,,,,,,,,,,,,,,,,,,,,,,,,,,,,,,,,,,,,,,,,,,,,,,,,,,,,,,,,,,,,,,,,,,,,,,,,,,,,,,,,,,,,,,,,,,,,,,,,,,,,,,,,,,,,,,,,,,,,,,,,,,,,,,,,,,,,,,,,,,,,,,,,,,,,,,,,,
fee,Noun,,,,fooi,,,,,,,,,,такса,,,,,,,,,,poplatek,,,,gebyr,,Gebühr,,,,,,krompago,,comisión,"""Fee"" is one of the most common terms on bitcoin literature. It is sometimes translated in Spanish as ""tasa"" or ""tarifa"". However, ""comisión"" is probably most widely used.",,,,,,,,,,,,,,,,,,"Multiple translations depending on situation: taksa, maksu, palkkio, kulu etc.",,,frais,Toujours au pluriel,עמלה,,,,naknada,,,,,,,,,,,,手数料,,"საფასური, საკომისიო, ღირებულება, გადასახადი",,,,,,,,,,,,merces mercedis (f.),,,,,,,,,,,,,,,,,,,,,,vergoeding,"> Seen this translated as 'kost' as well as 'vergoeding', I think vergoeding is much better.
I disagree, when used in a sentence, it unnecessary complicates the message (example: transactiekosten vs transactievergoeding).",,,prowizja,"opłata?
",,,,,,taxă,комиссия,,,,,,,,provizija,,,,,,,,,,avgift,,,,,,ఫీజు,,,,ücret,,,,комісія,,,,,,,,,,,,,,,,,,,,費用,費,,
file,Noun,,,,lêer,,,,,,,,,,,,,,,,,,,,,,,,,,,,,,,,,,,,,,,,,,,,,,,,,,,,,,,,,,,,,,,,,,,,,,,,,,,,,,,,,,,,,,,,,,,,,,,,,,,,,,,,,,,,,,bestand,,,,,,,,,,,,,,,,,,,,,,,,,,,,,,fil,,,,,,,,,,,,,,,,,,,,,,,,,,,,,,,,,,,,,
files,Noun,,,,,,,,,,,,,,,,,,,,,,,,,,,,,,,,,,,,,,,,,,,,,,,,,,,,,,,,,,,,,,,,,,,,,,,,,,,,,,,,,,,,,,,,,,,,,,,,,,,,,,,,,,,,,,,,,,,,,,,,,,,,,,,,,,,,,,,,,,,,,,,,,,,,,,,,,,,,,,,,,,,,,,,,,,,,,,,,,,,,,
form,Noun,,,,vorm,,,,,,,,,,,,,,,,,,,,,,,,,,,,,,,,formo,,formulario,,,,,,,,,,,,,,,,فرم,,,,,,formulaire,,טופס,,,,formular,,,,,,,,,,,,フォーム,,ფორმა,,,,,,,,,,,,schema,,,,,,,,,,,,,,,,,,,,,,,,,,formularz,,,,,,,formular,,,,,,,,,,,,,,,,,,,formulär,,,,,,,,,,,,,,форма,,,,,,,,,,,,,,,,表格，表单,,,,表單,表,,
generate,Verb,,,,,,,,,,,,,,генерирам,,,,,,,,,,,,,,generere,,,,,,,,krei,,generar,,,,,,,,,,,,,,,,,,,,,,générer,,יצור,,,,stvoriti,,,,,,,,,,,,,,გენერირება,,,,,,,,,,,,,,,,,,,,,,,,,,,,,,,,,,genereer,,,,generować,,,,,,,generează,,,,,,,,,,,,,,,,,,,skapa,,,,,,,,,,,,,,,,,,,,,,,,,,,,,,,,,,生產,,,
generated,Adjective,,,,,,,,,,,,,,,,,,,,,,,,,,,,,,,,,,,,,,,,,,,,,,,,,,,,,,,,,,,,,,,,,,,,,,,,,,,,,,,,,,,,,,,,,,,,,,,,,,,,,,,,,,,,,,,,,,,,,,,,,,,,,,,,,,,,,,,,,,,,,,,,,,,,,,,,,,,,,,,,,,,,,,,,,,,,,,,,,,,,,
get,Verb,,,,,,,,,,,,,,,,,,,,,,,,,,,,,,,,,,,,,,,,,,,,,,,,,,,,,,,,,,,,,,,,,,,,,,,,,,,,,,,,,,,,,,,,,,,,,,,,,,,,,,,,,,,,,,,,,,,,,,,,,,,,,,,,,,,,,,,,,,,,,,,,,,,,,,,,,,,,,,,,,,,,,,,,,,,,,,,,,,,,,
hash,Noun,,,,,,,,,,,,,,хеш,,,,,,,,,,,,,,hash,,,,,,,,,,hash,,,,,,,,,,,,,,,,,,,,,,hachage,,גיבוב,,,,hash,"ne znam kako bih ovo preveo. Neke stvari je bolje uvesti, evo google prijedloga:
paprikaš,mješavina,smjesa, papazjanija",,,,,,,,,,,,,,,,,,,,,,,,,,,,,,,,,,,,,,,,,,,,,,,hash,,,,hasz,,,,,,,,хэш,,,,,,,,,,,,,,,,,,,,,,,,,,,,,,,,хеш,,,,,,,,,,,,,,,,,,,,雜湊值,,,
help,Noun,,,,,,,,,,,,,,,,,,,,,,,,,,,,,,,,,,,,,,,,,,,,,,,,,,,,,,,,,,,,,,,,,,,,,,,,,,,,,,,,,,,,,,,,,,,,,,,,,,,,,,,,,,,,,,,,,,,,,,,,,,,,,,,,,,,,,,,,,,,,,,,,,,,,,,,,,,,,,,,,,,,,,,,,,,,,,,,,,,,,,
help message,Noun,,,,,,,,,,,,,,,,,,,,,,,,,,,,,,,,,,,,,,,,,,,,,,,,,,,,,,,,,,,,,,,,,,,,,,,,,,,,,,,,,,,,,,,,,,,,,,,,,,,,,,,,,,,,,,,,,,,,,,,,,,,,,,,,,,,,,,,,,,,,,,,,,,,,,,,,,,,,,,,,,,,,,,,,,,,,,,,,,,,,,
history,Noun,,,,,,,,,,,,,,,,,,,,,,,,,,,,,,,,,,,,,,,,,,,,,,,,,,,,,,,,,,,,,,,,,,,,,,,,,,,,,,,,,,,,,,,,,,,,,,,,,,,,,,,,,,,,,,,,,,,,,,,,,,,,,,,,,,,,,,,,,,,,,,,,,,,,,,,,,,,,,,,,,,,,,,,,,,,,,,,,,,,,,
hour,Noun,,,,uur,,,,,,,,,,,,,,,,,,,,,,,,,,,,,,,,,,hora,,,,,,,,,,,,,,,,,,,,,,,,,,,,,,,,,,,,,,,,,,,,,,,,,,,,,,,,,,,,,,,,,,,,,,,,,,,,uur,,,,,,,,,,,,,,,,,,,,,,,,,,,,,,timme,,,,,,,,,,,,,,,,,,,,,,,,,,,,,,,,,,,,,
hours,Noun,,,,ure,,,,,,,,,,,,,,,,,,,,,,,,,,,,,,,,,,horas,,,,,,,,,,,,,,,,,,,,,,,,,,,,,,,,,,,,,,,,,,,,,,,,,,,,,,,,,,,,,,,,,,,,,,,,,,,,uren,,,,,,,,,,,,,,,,,,,,,,,,,,,,,,timmar,,,,,,,,,,,,,,,,,,,,,,,,,,,,,,,,,,,,,
icon,,,,,,,,,,,,,,,,,,,,,,,,,,,,,,,,,,,,,,,icono,,,,,,,,,,,,,,,,,,,,,,,,צלמית,,,,,,,,,,,,,,,,,,,,,,,,,,,,,,,,,,,,,,,,,,,,,,,,,,,,icoon,,,,,,,,,,,,,,,,,,,,,,,,,,,,,,ikon,,,,,,,,,,,,,,,,,,,,,,,,,,,,,,,,,,,,,
icon,Noun,,,,,,,,,,,,,,икона,,,,,,,,,,,,,,ikon,,,,,,,,bildsimbolo,,icono,,,,,,,,,,,,,,,,,,,,,,icône,,סמל,,,,ikona,,,,,,,,,,icona,,アイコン,,იკონა,,,,,,,,,,,,"icon, iconis (f.)",,,,,,,,,,,,,,,,,,,,,,icoon,,,,ikona,,,,,,,,,,,,,,,,,,,,,,,,,,ikon,,,,,,చిహ్నం,,,,simge,,,,іконка,,,,,,,,,,,,,,,,图标,,,,圖示,,,
if,Verb,,,,,,,,,,,,,,,,,,,,,,,,,,,,,,,,,,,,,,,,,,,,,,,,,,,,,,,,,,,,,,,,,,,,,,,,,,,,,,,,,,,,,,,,,,,,,,,,,,,,,,,,,,,,,,,,,,,,,,,,,,,,,,,,,,,,,,,,,,,,,,,,,,,,,,,,,,,,,,,,,,,,,,,,,,,,,,,,,,,,,
if change,,,,,,,,,,,,,,,,,,,,,,,,,,,,,,,,,,,,,,,,,,,,,,,,,,,,,,,,,,,,,,,,,,,,,,,,,,,,,,,,,,,,,,,,,,,,,,,,,,,,,,,,,,,,,,,,,,,,,,,,,,,,,,,,,,,,,,,,,,,,,,,,,,,,,,,,,,,,,,,,,,,,,,,,,,,,,,,,,,,,,,
import,Verb,,,,invoer,,,,,,,,,,внасям,,,,,,,,,,,,,,importere,,,,,,,,importi,,importar,,,,,,,,,,,,,,,,وارد کردن,,,,,,importer,,יבוא,,,,uvesti,,,,,,,,,,importare,,,,იმპორტი,,,,,,,,,,,,,,,,,,,,,,,,,,,,,,,,,,importeer,,,,importować,,,,,,,,,,,,,,,,,,,,,,,,,,importera,,,,,,దిగుమతి,,,,,,,,,,,,,,,,,,,,,,,,,,,,匯入,,,
inbound,Adjective,,,,inkomende,,,,,,,,,,,,,,,,,,,,,,,,,,,,,,,,,,entrante,,,,,,,,,,,,,,,,,,,,,,,,,,,,,,,,,,,,,,,,,,,,,,,,,,,,,,,,,,,,,,,,,,,,,,,,,,,,,,,,,,,,,,,,,,,,,,,,,,,,,,,,,,ingående,,,,,,,,,,,,,,,,,,,,,,,,,,,,,,,,,,,,,
incorrect,Noun,,,,,,,,,,,,,,,,,,,,,,,,,,,,,,,,,,,,,,,,,,,,,,,,,,,,,,,,,,,,,,,,,,,,,,,,,,,,,,,,,,,,,,,,,,,,,,,,,,,,,,,,,,,,,,,,,,,,,,,,,,,,,,,,,,,,,,,,,,,,,,,,,,,,,,,,,,,,,,,,,,,,,,,,,,,,,,,,,,,,,
index,Noun,,,,,,,,,,,,,,,,,,,,,,,,,,,,,,,,,,,,,,,,,,,,,,,,,,,,,,,,,,,,,,,,,,,,,,,,,,,,,,,,,,,,,,,,,,,,,,,,,,,,,,,,,,,,,,,,,,,,,,,,,,,,,,,,,,,,,,,,,,,,,,,,,,,,,,,,,,,,,,,,,,,,,,,,,,,,,,,,,,,,,
index,Verb,,,,,,,,,,,,,,,,,,,,,,,,,,,,,,,,,,,,,,,,,,,,,,,,,,,,,,,,,,,,,,,,,,,,,,,,,,,,,,,,,,,,,,,,,,,,,,,,,,,,,,,,,,,,,,,,,,,,,,,,,,,,,,,,,,,,,,,,,,,,,,,,,,,,,,,,,,,,,,,,,,,,,,,,,,,,,,,,,,,,,
indexing,Verb,,,,,,,,,,,,,,,,,,,,,,,,,,,,,,,,,,,,,,,,,,,,,,,,,,,,,,,,,,,,,,,,,,,,,,,,,,,,,,,,,,,,,,,,,,,,,,,,,,,,,,,,,,,,,,,,,,,,,,,,,,,,,,,,,,,,,,,,,,,,,,,,,,,,,,,,,,,,,,,,,,,,,,,,,,,,,,,,,,,,,
initialized,Adjective,,,,geïnitialiseer,,,,,,,,,,,,,,,,,,,,,,,,,,,,,,,,,,inicializado,,,,,,,,,,,,,,,,,,,,,,,,,,,,,,,,,,,,,,,,,,,,,,,,,,,,,,,,,,,,,,,,,,,,,,,,,,,,,,,,,,,,,,,,,,,,,,,,,,,,,,,,,,,,,,,,,,,,,,,,,,,,,,,,,,,,,,,,,,,,,,,
invalid,,,,,,,,,,,,,,,,,,,,,,,,,,,,,,,,,,,,,,,inválida,,,,,,,,,,,,,,,,,,,,,,,,,,,,,,,,,,,,,,,,,,,,,,,,,,,,,,,,,,,,,,,,,,,,,,,,,,,,,,,,,,,,,,,,,,,,,,,,,,,,,,,,,,,,,,,,,,,,,,,,,,,,,,,,,,,,,,,,,,,,,,,
invalid,Adjective,,,,ongeldige,ongeldig,,,,,,,,,невалиден / неправилен,,,,,,,,,,,,,,ugyldig,,,,,,,,nevalida,,inválido,,,,,,,,,,,,,,,,نامعتبر,,kelvoton,,,,invalide,,שגוי,,,,nevažeći,,,,,,,,,,non valido,,,,დაუშვებელი,,,,,,,,,,,,,,,,,,,,,,,,,,,,,,,,,,ongeldig,,,,nieważny,,,,,,,invalid,,,,,,,,,,,,,,,,,,,ogiltig,,,,,,చెల్లదు,,,,geçersiz,,,,,,,,,,,,,,,,,,,,,,,,無效,,,
key,Noun,,,,,,,,,,,,,,,,,,,,clau,,,,,,,,,,,,,,,,,,,,,,,,,,,,,,,,,,,,,,,,,,,,,,,,,,,,,,,,,,,,,,,,,,,,,,,,,,,,,,,,,,,,,,,,,,,,,,,,,,,,,,,,,,,,,,,,,,,,,,,,,,,,,,,,,,,,,,,,,,,,,,,,,,,,,,,,,,,,,,,,,
keypool,Noun,,,,,,,,,,,,,,,,,,,,,,,,,,,,,,,,,,,,,,,,,,,,,,,,,,,,,,,,,,,,réserve de clés,,,,,,,,,,,,,,,,,,,,,,,,,,,,,,,,,,,,,,,,,,,,,,,,,,,,,,,,,,,,,,,,,,,,,,,,,,,,,,,,,,,,,,,,,,,,,,,,,,,,,,,,,,,,,,,,,,,,,,,,,
label,Noun,,,,etiket,,,,,,,,,,,,,,,,,,,,,,,,mærkat,,,,,,,,etikedo,,etiqueta,,,,,,,,,,,,,,,,,,,,,,étiquette,,תווית,,,,oznaka,,,,,,,,,,etichetta,,,,ნიშნული,,,,ឡាបែល,,,,,,,,,,,,,,,,,,,,,,,,,,,,,,etiket,,,,etykieta,,,,,,,etichetă,,,,,,,,,,,,,,,,,,,etikett,,,,,,లేబుల్,,,,etiket,,,,,,,,,,,,,,,,,,,,,,,,標記,,,
length,Noun,,,,,,,,,,,,,,,,,,,,,,,,,,,,,,,,,,,,,,,,,,,,,,,,,,,,,,,,,,,,,,,,,,,,,,,,,,,,,,,,,,,,,,,,,,,,,,,,,,,,,,,,,,,,,,,,,,,,,,,,,,,,,,,,,,,,,,dolžina,,,,,,,,,,,,,,,,,,,,,,,,,,,,,,,,,,,,,,,,,,,,,,,
list,Noun,,,,,,,,,,,,,,,,,,,,,,,,,,,,,,,,,,,,,,,,,,,,,,,,,,,,,,,,,,,,,,,,,,,,,,,,,,,,,,,,,,,,,,,,,,,,,,,,,,,,,,,,,,,,,,,,,,,,,,,,,,,,,,,,,,,,,,,,,,,,,,,,,,,,,,,,,,,,,,,,,,,,,,,,,,,,,,,,,,,,,
load,Noun,,,,,,,,,,,,,,,,,,,,,,,,,,,,,,,,,,,,,,,,,,,,,,,,,,,,,,,,,,,,,,,,,,,,,,,,,,,,,,,,,,,,,,,,,,,,,,,,,,,,,,,,,,,,,,,,,,,,,,,,,,,,,,,,,,,,,,,,,,,,,,,,inläsning,Microsoft language portal,,,,,,,,,,,,,,,,,,,,,,,,,,,,,,,,,,,,
load,Verb,,,,,,,,,,,,,,,,,,,,,,,,,,,,,,,,,,,,,,,,,,,,,,,,,,,,,,,,,,,,,,,,,,,,,,,,,,,,,,,,,,,,,,,,,,,,,,,,,,,,,,,,,,,,,,,,,,,,,,,,,,,,,,,,,,,,,,,,,,,,,,,,läsa in,Microsoft language portal,,,,,,,,,,,,,,,,,,,,,,,,,,,,,,,,,,,,
lock,Verb,,,,,,,,,,,,,,,,,,,,,,,,,,,,låse,,,,,,,,ŝlosi,,bloquear,,,,,,,,,,,,,,,,,,,,,,verrouiller,,נעילה,,,,zaključati,,,,,,,,,,,,ロック,,დაბლოკვა,,,,,,,,,,,,serare seravisse seratum,,,,,,,,,,,,,,,,,,,,,,op slot doen,,,,zablokować,,,,,,,blochează,,,,,,,,,,,,,,,,,,,,,,,,,బిగించు,,,,,,,,,,,,,,,,,,,,,,,,锁定,,,,鎖,鎖上,,
malware,Noun,,,,,,,,,,,,,,,,,,,,,,,,,,,,,,,,,,,,,,,,,,,,,,,,,,,,,,,,,,,,programme malveillant,,,,,,,,,,,,,,,,,,,,,,,,,,,,,,,,,,,,,,,,,,,,,,,,,,,,,,,,,,,,,,,,,,,,,,,,,,,,,,,,,,,,,,,,,,,,,,,,,,,,,,,,,,,,,,,,,,,,,,,,,
map,Noun,,,,kaart,,,,,,,,,,,,,,,,,,,,,,,,,,,,,,,,mapo,,mapa,,,,,,,,,,,,,,,,,,,,,,mappe,,מפה,,,,mapa,karta?,,,,,,,,,mappa,,関連づける,,რუკა,,,,,,,,,,,,designatio designationis (f.),,,,,,,,,,,,,,,,,,,,,,,,,,mapa,,,,,,,hartă,,,,,,,,,,,,,,,,,,,,,,,,,పటం,,,,,,,,,,,,,,,,,,,,,,,,,,,,對應值,,,
map,Verb,,,,karteer,,,,,,,,,,,,,,,,,,,,,,,,,,,,,,,,mapi,,mapear,,,,,,,,,,,,,,,,,,,,,,mapper,,מיפוי,,,,mapirati,ucrtati na mapu,,,,,,,,,,,関連づける,,რუკის შედგენა,,,,,,,,,,,,designare designavisse designatum,,,,,,,,,,,,,,,,,,,,,,,,,,mapować,,,,,,,,,,,,,,,,,,,,,,,,,,,,,,,,,,,,,,,,,,,,,,,,,,,,,,,,,,,,設定對應,,,
mature,Verb,,,,,,,,,,,,,,,,,,,,,,,,,,,,,,,,,,,,maturiĝi,,,,,,,,,,,,,,,,,,,,,,,,arriver à maturité,,,,,,dozrijeti,,,,,,,,,,,,,,"განვითარება, მომწიფება",,,,,,,,,,,,,,,,,,,,,,,,,,,,,,,,,,,,,,dojrzeć,,,,,,,,,,,,,,,,,,,,,,,,,,,,,,,,పరిపక్వ,,,,,,,,,,,,,,,,,,,,,,,,,,,,熟成,,,
matured,Adjective,,,,,,,,,,,,,,,,,,,,,,,,,,,,,,,,,,,,matura,,,,,,,,,,,,,,,,,,,,,,,,mûr,,,,,,zreo,,,,,,,,,,,,,,"ზრდასრული, მზადმყოფი",,,,,,,,,,,,,,,,,,,,,,,,,,,,,,,,,,,,,,dojrzały,,,,,,,,,,,,,,,,,,,,,,,,,,,,,,,,,,,,,,,,недозрілий,,,,,,,,,,,,,,,,,,,,已熟成,,,
memory pool,Noun,,,,,,,,,,,,,,,,,,,,,,,,,,,,hukommelsespulje,,Speicherpool,,,,,,,,,,,,,,,,,,,,,,,,,,,,,,réserve de mémoire,,,,,,,,,,,,,,,,,,,,,,,,,,,,,,,,,,,,,,,,,,,,,,,,,,,,,,,,,,,,,,,,,,,,,,,,,,,,,,,,,,,,,,,,,,,,,,,,,,,,,,,,,,,,,,,,,,,,,,記憶體暫存池,,,
mempool,Noun,,,,,,,,,,,,,,,,,,,,,,,,,,,,hukommelsespulje,,,,,,,,,,mempool,,,,,,,,,,,,,,,,,,,,,,réserve de mémoire,,,,,,,,,,,,,,,,,,,,,,,,,,,,,,,,,,,,,,,,,,,,,,,,,,,,,,,,,,,,,,,,,,,,,,,,,,,,,,,,,,,,,,,,,,,,,,,,,,,,,,,,,,,,,,,,,,内存池,,,,記憶池,,,
message,Noun,,,,,,,,,,,,,,,,,,,,,,,,,,,,,,,,,,,,,,,,,,,,,,,,,,,,,,,,,,,,,,,,,,,,,,,,,,,,,,,,,,,,,,,,,,,,,,,,,,,,,,,,,,,,,,,,,,,,,,,,,,,,,,,,,,,,,,,,,,,,,,,,,,,,,,,,,,,,,,,,,,,,,,,,,,,,,,,,,,,,,
mine,Verb,,,,,,,,,,,,,,,,,,,,,,,,,,,,mine,,erarbeiten,,,,,,mini,,minar,,,,,,,,,,,,,,,,,,,,,,miner,,,,,,kopati,,,,,,,,,,,,私のもの,,მოპოვება,,,,,,,,,,,,fodere fodisse fossum,,,,,,,,,,,,,,,,,,,,,,mijnen,,,,kopać,"W kontekście Bitcoinów najczęściej spotykaną formą jest ""kopanie bitcoinów"". Można korzystać też z formy ""wydobywać"", ale jest bardziej ogólna i dalsza od oryginału.",,,,,,minează,генерация,,,,,,,,,,,,,,,,,,bryta,,,,,,,,,,,,,,,,,,,,,,,,,,,,,,,,,,開採,,,
mined,Adjective,,,,,,,,,,,,,,,,,,,,,,,,,,,,minet,,erarbeitet,,,,,,minita,,minado,"La traducción exacta depende del contexto. Puede traducirse como: minado, minada, minados, minadas.",,,,,,,,,,,,,,,,,,,,,miné,généré,,,,,iskopan,,,,,,,,,,,,,,მოპოვებული,,,,,,,,,,,,,,,,,,,,,,,,,,,,,,,,,,gemijnd,,,,wydobyty,,,,,,,,,,,,,,,,,,,,,,,,,,bruten,,,,,,,,,,,,,,добутий,,,,,,,,,,,,,,,,,,,,開採出,,,
miners,Noun,,,,,,,,,,,,,,,,,,,,,,,,,,,,,,,,,,,,,,,,,,,,,,,,,,,,,,,,,,,,,,,,,,,,,,,,,,,,,,,,,,,,,,,,,,,,,,,,,,,,,,,,,,,,,,,,,,,,,,,,,,,,,,,,,,,,,,,,,,,,,,,,,,,,,,,,,,,,,,,,,,,,,,,,,,,,,,,,,,,,,
minimize,Verb,,,,,,,,,,,,,,,,,,,,,,,,,,,,minimere,,,,,,,,minimumigi,,minimizar,,,,,,,,,,,,,,,,,,,,,,réduire,,מזעור,,,,umanjiti,,,,,,,,,,minimizzare,,最小化,,მინიმიზება,,,,,,,,,,,,minifacere minifecisse minifactum,,,,,,,,,,,,,,,,,,,,,,minimaliseer,,,,minimalizować,,,,,,,minimizează,,,,,,,,,,,,,,,,,,,minimera,,,,,,తగ్గించు,,,,,,,,згорнути,,,,,,,,,,,,,,,,最小化,,,,縮到最小,,,
minute,Noun,,,,minuut,,,,,,,,,,,,,,,,,,,,,,,,,,,,,,,,,,minuto,,,,,,,,,,,,,,,,,,,,,,,,דקה,,,,,,,,,,,,,,,,,,,,,,,,,,,,,,,,,,,,,,,,,,,,,,,,,,,,minuut,,,,,,,,,,,,,,,,,,,,,,,,,,,,,,minut,,,,,,,,,,,,,,,,,,,,,,,,,,,,,,,,,,,,,
minutes,Noun,,,,minute,,,,,,,,,,,,,,,,,,,,,,,,,,,,,,,,,,minutos,,,,,,,,,,,,,,,,,,,,,,,,דקות,,,,,,,,,,,,,,,,,,,,,,,,,,,,,,,,,,,,,,,,,,,,,,,,,,,,minuten,,,,,,,,,,,,,,,,,,,,,,,,,,,,,,minuter,,,,,,,,,,,,,,,,,,,,,,,,,,,,,,,,,,,,,
modify,Verb,,,,,,,,,,,,,,,,,,,,,,,,,,,,,,,,,,,,,,,,,,,,,,,,,,,,,,,,,,,,,,,,,,,,,,,,,,,,,,,,,,,,,,,,,,,,,,,,,,,,,,,,,,,,,,,,,,,,,,,,,,,,,,,,,,,,,,,,,,,,,,,,,,,,,,,,,,,,,,,,,,,,,,,,,,,,,,,,,,,,,
needed,,,,,,,,,,,,,,,,,,,,,,,,,,,,,,,,,,,,,,,,,,,,,,,,,,,,,,,,,,,,,,,,,,,,,,,,,,,,,,,,,,,,,,,,,,,,,,,,,,,,,,,,,,,,,,,,,,,,,,,,,,,,,,,необходимо,,,,,,,,,,,,,,,,,,,,,,,,,,,,,,,,,,,,,,,,,,,,,,,,,,,,,,,
needed,Adjective,,,,,,,,,,,,,,,,,,,,,,,,,,,,,,,,,,,,,,,,,,,,,,,,,,,,,,,,,,,,,,,,,,,,,,,,,,,,,,,,,,,,,,,,,,,,,,,,,,,,,,,,,,,,,,,,,,,,,,,,,,,,,,необходимый,,,,,,,,,,,,,,,,,,,,,,,,,,,,,,,,,,,,,,,,,,,,,,,,,,,,,,,
netmask,Noun,,,,,,,,,,,,,,,,,,,,,,,,,,,,netmaske,,Netzmaske,,,,,,,,netmask,,,,,,,,,,,,,,,,,,,,,,,,,,,,,,,,,,,,,,,,ネットマスク,,,,,,,,,,,,,,,,,,,,,,,,,,,,,,,,,,,,,,,,,,,,,,,,,,,,,,,,,,,,,,,,,,,,,,,,,,,,,,,,,,,,,,,,,,,,,,,,,,,,,,,
network,Noun,,,,netwerk,,,,,,,,,,,,,,,,xarxa,,,,,,,,,,,,,,,,,,red,,,,,,,,,,,,,,,,,,,,,,,,רשת,,,,,,,,,,,,,,,,ネットワーク,,,,,,,,,,,,,,,,,,,,,,,,,,,,,,,,,,,,netwerk,,,,,,,,,,,,,,,,,,,,,,,,,,,,,,,,,,,,,,,,,,,,,,,,,,,,,,,,,,,,,,,,,,,
network type,Noun,,,,,,,,,,,,,,,,,,,,,,,,,,,,,,,,,,,,,,,,,,,,,,,,,,,,,,,,,,,,,,,,,,,,,,,,,,,,,,,,,,,,,,,,,,,,,,,,,,,,,,,,,,,,,,,,,,,,,,,,,,,,,,,,,,,,,,,,,,,,,,,,,,,,,,,,,,,,,,,,,,,,,,,,,,,,,,,,,,,,,
node,Noun,,,,,,,,,,,,,,,,,,,,,,,,,,,,knude,,Knoten,,,,,,,,nodo,,,,,,,,,,,,,,,,,,,,,,nœud,,שרת ביטקוין,I translated it as 'bitcoin server' as I could't find a more fitting translation,,,čvor,,,,,,,,,,nodo,,ノード,,,,,,,,,,,,,,,,,,,,,,,,,,,,,,,,,,,,,,,,węzeł,,,,,,,nod,узел,,,,,,,,,,,,,,,,,,nod,,,,,,,,,,düğüm,,,,вузол,,,,,,,,,,,,,,,,,,,,節點,,,
node (n),,,,,,,,,,,,,,,,,,,,,,,,,,,,,,,Node,,,,,,,,,,,,,,,,,,,,,,,,,,,,,,,,,,,,,,,,,,,,,,,,,,,,,,,,,,,,,,,,,,,,,,,,,,,,,,,,,,,,,,,,,,,,,,,,,,,,,,,,,,,,,,,,,,,,,,,,,,,,,,,,,,,,,,,,,,,,,,,,,,,,,,,
occurred,Verb,,,,,,,,,,,,,,,,,,,,,,,,,,,,,,,,,,,,,,,,,,,,,,,,,,,,,,,,,,,,,,,,,,,,,,,,,,,,,,,,,,,,,,,,,,,,,,,,,,,,,,,,,,,,,,,,,,,,,,,,,,,,,,,,,,,,,,,,,,,,,,,,,,,,,,,,,,,,,,,,,,,,,,,,,,,,,,,,,,,,,
only,Noun,,,,,,,,,,,,,,,,,,,,,,,,,,,,,,,,,,,,,,,,,,,,,,,,,,,,,,,,,,,,,,,,,,,,,,,,,,,,,,,,,,,,,,,,,,,,,,,,,,,,,,,,,,,,,,,,,,,,,,,,,,,,,,,,,,,,,,,,,,,,,,,,,,,,,,,,,,,,,,,,,,,,,,,,,,,,,,,,,,,,,
open,Adjective,,,,,,,,,,,,,,,,,,,,,,,,,,,,,,,,,,,,,,,,,,,,,,,,,,,,,,,,,,,,,,,,,,,,,,,,,,,,,,,,,,,,,,,,,,,,,,,,,,,,,,,,,,,,,,,,,,,,,,,,,,,,,,,,,,,,,,,,,,,,,,,,,,,,,,,,,,,,,,,,,,,,,,,,,,,,,,状态待定,,,,,,,
open,Verb,,,,,,,,,,,,,,,,,,,,,,,,,,,,,,,,,,,,,,,,,,,,,,,,,,,,,,,,,,,,,,,,,,,,,,,,,,,,,,,,,,,,,,,,,,,,,,,,,,,,,,,,,,,,,,,,,,,,,,,,,,,,,,,,,,,,,,,,,,,,,,,,,,,,,,,,,,,,,,,,,,,,,,,,,,,,,,打开,,,,,,,
option,Noun,,,,,,,,,,,,,,,,,,,,,,,,,,,,,,,,,,,,,,,,,,,,,,,,,,,,,,,,,,,,,,,,,,,,,,,,,,,,,,,,,,,,,,,,,,,,,,,,,,,,,,,,,,,,,,,,,,,,,,,,,,,,,,,,,,,,,,,,,,,,,,,,,,,,,,,,,,,,,,,,,,,,,,,,,,,,,,,,,,,,,
optional,,,,,,,,,,,,,,,,,,,,,,,,,,,,,,,,,,,,,,,,,,,,,,,,,,,,,,,,,,,,,,,,,,,,,,,,,,,,,,,,,,,,,,,,,,,,,,,,,,,,,,,,,,,,,,,,,,,,,,,,,,,,,,,необязательное,,,,,,,,,,,,,,,,,,,,,,,,,,,,,,,,,,,,,,,,,,,,,,,,,,,,,,,
optional,Adjective,,,,,,,,,,,,,,,,,,,,,,,,,,,,,,,,,,,,,,opcional,,,,,,,,,,,,,,,,اختیاری,,,,,,facultatif,,רשות,,,,neobavezno,,,,,,,,,,,,,,,,,,,,,,,,,,,,,,,,,,,,,,,,,,,,,,,,optioneel,,,,opcjonalnie,,,,,,,opțional,необязательный,,,,,,,,,,,,,,,,,,valfri,,,,,,ఐచ్ఛికం,,,,isteğe bağlı,,,,необов’язковий,,,,,,,,,,,,,,,,,,,,可以沒有,,,
options,Noun,,,,,,,,,,,,,,,,,,,,,,,,,,,,,,,,,,,,,,,,,,,,,,,,,,,,,,,,,,,,,,,,,,,,,,,,,,,,,,,,,,,,,,,,,,,,,,,,,,,,,,,,,,,,,,,,,,,,,,,,,,,,,,,,,,,,,,,,,,,,,,,,,,,,,,,,,,,,,,,,,,,,,,,,,,,,,,,,,,,,,
outbound,Adjective,,,,uitgaande,,,,,,,,,,,,,,,,,,,,,,,,,,,,,,,,,,saliente,,,,,,,,,,,,,,,,,,,,,,,,,,,,,,,,,,,,,,,,,,,,,,,,,,,,,,,,,,,,,,,,,,,,,,,,,,,,uitgaand,,,,,,,,,,,,,,,,,,,,,,,,,,,,,,utgående,,,,,,,,,,,,,,,,,,,,,,,,,,,,,,,,,,,,,
output,Noun,,,,,,,,,,,,,,,,,,,,,,,,,,,,,,,,,,,,,,,,,,,,,,,,,,,,,,,,,,,,,,,,,,,,,,,,,,,,,,,,,,,,,,,,,,,,,,,,,,,,,,,,,,,,,,,,,,,,,,,,,,,,,,,,,,,,,,,,,,,,,,,,,,,,,,,,,,,,,,,,,,,,,,,,,,,,,,,,,,,,,
parse,Verb,,,,ontleed,,,,,,,,,,,,,,,,,,,,,,,,fortolke,,,,,,,,,,,,,,,,,,,,,,,,,,,,,,,,analyser,,פענוח,,,,,,,,,,,,,,,,,,,,,,,,,,,,,,,,,,,,,,,,,,,,,,,,,,,,parse,,,,analizować,,,,,,,,,,,,,,,,,,,,,,,,,,,,,,,,,,,,,,,,,,,,,,,,,,,,,,,,,,,,解析,,,
passphrase,Noun,,,,,,,,,,,,,,,,,,,,,,,,,,,,adgangskode,,,,,,,,,,,,,,,,,,,,,,,,,,,,,,,,phrase de passe,,מילת צופן,,,,lozinka,,,,,,,,,,passphrase,,パスフレーズ,,,,,,,,,,,,,,,,,,,,,,,,,,,,,,,,,,,,wachtwoordzin,,,,hasło,,,,,,,,,,,,,,,,,,,,,,,,,,lösenfras,,,,,,సంకేతపదము,,,,parola,,,,,,,,,,,,,,,,,,,,,,,,密碼,,,
password,Noun,,,,,,,,,,,,,,,,,,,,,,,,,,,,,,,,,,,,,,,,,,,,,,,,,,,,,,,,,,,,,,,,,,,,,,,,,,,,,,,,,,,,,,,,,,,,,,,,,,,,,,,,,,,,,,,,,,,,,,,,,,,,,,,,,,,,,,,,,,,,,,,,lösenfras,,,,,,,,,,,,,,,,,,,,,,,,,,,,,,,,,,,,,
pay,Verb,,,,betaal,,,,,,,,,,,,,,,,,,,,,,,,betale,,,,,,,,pagi,,pagar,,,,,,,,,,,,,,,,پرداخت کردن,,,,,,payer,,לשלם,,,,platiti,,,,,,,,,,pagare,,支払う,,გადახდა,,,,,,,,,,,,pensare pensavisse pensatum,,,,,,,,,,,,,,,,,,,,,,betaal,,,,płacić,,,,,,,plătește,,,,,,,,,,,,,,,,,,,betala,,,,,,చెల్లించు,,,,ödemek,,,,,,,,,,,,,,,,,,,,支付,,,,付,付給 付錢 付款,,
payment,Noun,,,,betaling,,,,,,,,,,,,,,,,,,,,,,,,betaling,,,,,,,,pago,,pago,,,,,,,,,,,,,,,,پرداخت,,,,,,paiement,,תשלום,,,,uplata,,,,,,,,,,pagamento,,支払い,,გადახდა,,,,,,,,,,,,pensitatio pensitationis (f.),,,,,,,,,,,,,,,,,,,,,,betaling,,,,płatność,,,,,,,plată,,,,,,,,,,,,,,,,,,,betalning,,,,,,చెల్లింపు,,,,ödeme,,,,,,,,,,,,,,,,,,,,支付，付款,,,,付款,,,
payment request,Noun,,,,betalings versoek,,,,,,,,,,,,,,,,,,,,,,,,betalingsanmodning,,,,,,,,,,,,,,,,,,,,,,,,,,,,,,,,demande de paiement,,בקשת תשלום,,,,,,,,,,,,,,richiesta di pagamento,,,,,,,,,,,,,,,,,,,,,,,,,,,,,,,,,,,,,,betalingsverzoek,,,,żądanie zapłaty,,,,,,,cerere de plată,,,,,,,,,,,,,,,,,,,betalningsbegäran,,,,,,చెల్లింపు అభ్యర్ధన,,,,ödeme talebi,,,,,,,,,,,,,,,,,,,,支付请求,,,,付款要求,,,
peer,Noun,,,,portuur,,,,,,,,,,,,,,,,,,,,,,,,knude,,,,,,,,,,,,,,,,,,,,,,,,,,,,,,,,paire,,,,,,,,,Fél? A társ nem eléggé formális. A móló tükörfordítás a magyar köznyelvben sehol sincs használatban.,,,,,,,,,ピア,,,,,,,,,,,,,,,,,,,,,,,,,,,,,,,,,,,,,,,,węzeł,,,,,,,,участник,,,,,,,,,,,,,,,,,,,,,,,,తోటి,,,,eş,,,,учасник,,,,,,,,,,,,,,,,,,,,節點,,,
peers,,,,,,,,,,,,,,,,,,,,,,,,,,,,,,,,,,,,,,,,,,,,,,,,,,,,,,,,,,,,,,,,,,,,,,,,,,,,,,,,,,,,,,,,,,,,,,,,,,,,,,,,,,,,,,,,,,,,,,,,,,,,,,,узлам,,,,,,,,,,,,,,,,,,,,,,,,,,,,,,,,,,,,,,,,,,,,,,,,,,,,,,,
peers,Noun,,,,portuurs,,,,,,,,,,,,,,,,,,,,,,,,knuder,,,,,,,,,,,,,,,,,,,,,,,,,,,,,,,,paires,,,,,,,,,Felek? A társak nem eléggé formális. A mólók tükörfordítás a magyar köznyelvben sehol sincs használatban.,,,,,,,,,,,,,,,,,,,,,,,,,,,,,,,,,,,,,,,,,,,,,,,,,węzły,,,,,,,,узлы,,,,,,,,,,,,,,,,,,,,,,,,తోటివాళ్లు,,,,,,,,учасники,,,,,,,,,,,,,,,,,,,,用戶群,,,
ping,Noun,,,,,,,,,,,,,,,,,,,,,,,,,,,,,,,,,,,,,,,,,,,,,,,,,,,,,,,,,,,,,,,,,,,,,,,,,,,,,,,,,,,,,,,,,,,,,,,,,,,,,,,,,,,,,,,,,,,,,,,,,,,,,,,,,,,,,,,,,,,,,,,,,,,,,,,,,,,,,,,,,,,,,,,,,,,,,,,,,,,,,
possible,Adjective,,,,,,,,,,,,,,,,,,,,,,,,,,,,,,,,,,,,,,,,,,,,,,,,,,,,,,,,,,,,,,,,,,,,,,,,,,,,,,,,,,,,,,,,,,,,,,,,,,,,,,,,,,,,,,,,,,,,,,,,,,,,,,,,,,,,,,,,,,,,,,,,,,,,,,,,,,,,,,,,,,,,,,,,,,,,,,,,,,,,,
priority,Noun,,,,,,,,,,,,,,,,,,,,,,,,,,,,prioritet,,,,,,,,prioritato,,prioridad,,,,,,,,,,,,,,,,,,prioriteetti,,,,priorité,,עדיפות,,,,prvenstvo,"prednost, prioritet...",,,,,,,,,priorità,,,,პრიორიტეტი,,,,,,,,,,,,,,,,,,,,,,,,,,,,,,,,,,prioriteit,,,,priorytet,,,,,,,prioritate,,,,,,,,,,,,,,,,,,,,,,,,,ప్రాధాన్యత,,,,,,,,пріоритет,,,,,,,,,,,,,,,,,,,,優先度,,,
private key,Noun,,,,,,,,,,,,,,,,,,,,,,,,,,,,privat nøgle,,,,,,,,,,clave privada,"""llave privada"" may be a valid translation, but ""clave privada"" is much more common in cryptography.",,,,,,,,,,,,,,,,,,,,,clé privée,,מפתח פרטי,,,,privatni ključ,,,,,,,,,,chiave privata,,秘密鍵,,,,,,,,,,,,,,,,,,,,,,,,,,,,,,,,,,,,prive sleutel,,,,klucz prywatny,,,,,,,,,,,,,,,,,,,,,,,,,,,,,,,,,,,,özel anahtar,,,,власний ключ,,,,,,,,,,,,,,,,,,,,私鑰,,,
process,Noun,,,,,,,,,,,,,,,,,,,,,,,,,,,,,,,,,,,,,,,,,,,,,,,,,,,,,,,,,,,,,,,,,,,,,,,,,,,,,,,,,,,,,,,,,,,,,,,,,,,,,,,,,,,,,,,,,,,,,,,,,,,,,,,,,,,,,,,,,,,,,,,,,,,,,,,,,,,,,,,,,,,,,,,,,,,,,,,,,,,,,
process,Verb,,,,,,,,,,,,,,,,,,,,,,,,,,,,,,,,,,,,,,,,,,,,,,,,,,,,,,,,,,,,,,,,,,,,,,,,,,,,,,,,,,,,,,,,,,,,,,,,,,,,,,,,,,,,,,,,,,,,,,,,,,,,,,,,,,,,,,,,,,,,,,,,,,,,,,,,,,,,,,,,,,,,,,,,,,,,,,,,,,,,,
processing,Verb,,,,,,,,,,,,,,,,,,,,,,,,,,,,,,,,,,,,,,,,,,,,,,,,,,,,,,,,,,,,,,,,,,,,,,,,,,,,,,,,,,,,,,,,,,,,,,,,,,,,,,,,,,,,,,,,,,,,,,,,,,,,,,,,,,,,,,,,,,,,,,,,,,,,,,,,,,,,,,,,,,,,,,,,,,,,,,,,,,,,,
progress,Noun,,,,,,,,,,,,,,,,,,,,,,,,,,,,,,,,,,,,,,,,,,,,,,,,,,,,,,,,,,,,,,,,,,,,,,,,,,,,,,,,,,,,,,,,,,,,,,,,,,,,,,,,,,,,,,,,,,,,,,,,,,,,,,,,,,,,,,,,,,,,,,,,,,,,,,,,,,,,,,,,,,,,,,,,,,,,,,,,,,,,,
proxy,Noun,,,,volmag,volmagtige,,,,,,,,,,,,,,,,,,,,,,,proxy,,,,,,,,prokurilo,,proxy,,,,,,,,,,,,,,,,,,,,,,"serveur mandaire, mandataire",,פרוקסי,,,,proxy,,,,,,,,,,,,プロキシ,,პროქსი,,,,,,,,,,,,vicarius (m.),,,,,,,,,,,,,,,,,,,,,,proxy,,,,,"Zależne od kontekstu. Jeśli w formie technicznej, to raczej nie korzysta się z formy ""pośrednik"" a korzysta z oryginalnej angielskiej ""proxy"".",,,,,,,прокси,,,,,,,,,,,,,,,,,,proxy,,,,,,,,,,,,,,проксі,,,,,,,,,,,,,,,,代理,,,,代理伺服器,,,
prune,Verb,-prune=1000,,,,,,,,,,,,,,,,,,,,,,,,,,,beskære,,,,,,,,,,,,,,,,,,,,,,,,,,,,,,,,élaguer,,,,,,,,,,,,,,,,,,,,,,,,,,,,,,,,,,,,,,,,,,,,,,,,,,,,,,prune,Do not translate this technical term (and advanced setting).,,,przycinać,imperative,,,,,,,,,,,,,,,,,,,,,,,,,gallra,,,,,,,,,,budamak,,,,,,,,,,,,,,,,,,,,,,,,修剪,,,
pruning,Noun,,,,,,,,,,,,,,,,,,,,,,,,,,,,beskæring,,,,,,,,,,,,,,,,,,,,,,,,,,,,,,,,élagage,,,,,,,,,,,,,,,,potatura,,,,,,,,,,,,,,,,,,,,,,,,,,,,,,,,,,,,,,snoeien,,,,przycinanie,,,,,,,,,,,,,,,,,,,,,,,,,,gallring,,,,,,,,,,,,,,,,,,,,,,,,,,,,,,,,,,修剪,,,
public key,Noun,,,,,,,,,,,,,,,,,,,,,,,,,,,,offentlig nøgle,,,,,,,,,,clave pública,"""llave pública"" may be a valid translation, but ""clave pública"" is much more common in cryptography",,,,,,,,,,,,,,,,,,,,,clé publique,,מפתח ציבורי,,,,javni ključ,,,,,,,,,,chiave pubblica,,公開鍵,,,,,,,,,,,,,,,,,,,,,,,,,,,,,,,,,,,,publieke sleutel,,,,klucz publiczny,,,,,,,,,,,,,,,,,,,,,,,,,,,,,,,,,,,,,,,,публічний ключ,,,,,,,,,,,,,,,,,,,,公鑰,,,
quit,Verb,,,,,,,,,,,,,,,,,,,,,,,,,,,,,,,,,,,,,,,,,,,,,,,,,,,,,,,,,,,,,,,,,,,,,,,,,,,,,,,,,,,,,,,,,,,,,,,,,,,,,,,,,,,,,,,,,,,,,,,,,,,,,,,,,,,,,,,,,,,,,,,,,,,,,,,,,,,,,,,,,,,,,,,,,,,,,,,,,,,,,
random,Adjective,,,,,,,,,,,,,,,,,,,,,,,,,,,,tilfældig,,,,,,,,hazarda,,aleatorio,,,,,,,,,,,,,,,,,,,,,,aléatoire,,אקראי,,,,nasumično,,,,,,,,,,casuale,,ランダムな,,შემთხვევითი,,,,,,,,,,,,fortuitus/a/um,,,,,,,,,,,,,,,,,,,,,,willekeurig,,,,losowy,,,,,,,,,,,,,,,,,,,,,,,,,,,,,,,,,,,,,,,,,,,,,,,,,,,,,,,,,,,,隨機,,,
reach,Verb,,,,,,,,,,,,,,,,,,,,,,,,,,,,,,,,,,,,,,alcanzar,,,,,,,,,,,,,,,,,,,,,,atteindre,,,,,,,,,,,,,,,,,,,,,,,,,,,,,,,,,,,,,,,,,,,,,,,,,,,,,,,,,,dosięgać,,,,,,,,,,,,,,,,,,,,,,,,,,,,,,,,,,,,,,,,,,,,,,,,,,,,,,,,,,,,聯絡,,,
reason,Noun,,,,,,,,,,,,,,,,,,,,,,,,,,,,,,,,,,,,,,,,,,,,,,,,,,,,,,,,,,,,,,,,,,,,,,,,,,,,,,,,,,,,,,,,,,,,,,,,,,,,,,,,,,,,,,,,,,,,,,,,,,,,,,,,,,,,,,,,,,,,,,,,,,,,,,,,,,,,,,,,,,,,,,,,,,,,,,,,,,,,,
reasons,Noun,,,,,,,,,,,,,,,,,,,,,,,,,,,,,,,,,,,,,,,,,,,,,,,,,,,,,,,,,,,,,,,,,,,,,,,,,,,,,,,,,,,,,,,,,,,,,,,,,,,,,,,,,,,,,,,,,,,,,,,,,,,,,,,,,,,,,,,,,,,,,,,,,,,,,,,,,,,,,,,,,,,,,,,,,,,,,,,,,,,,,
receive,Verb,,,,,,,,,,,,,,,,,,,,,,,,,,,,modtage,,,,,,,,ricevi,,recibir,,,,,,,,,,,,,,,,,,,,,,recevoir,,קבלה,,,,primiti,,,,,,,,,,ricevere,,受け取る,,მიღება,,,,,,,,,,,,,,,,,,,,,,,,,,,,,,,,,,ontvangen,,,,odbierać,,,,,,,,,,,,,,,,,,,,,,,,,,ta emot,,,,,,అందుకొను,,,,,,,,,,,,,,,,,,,,,,,,接收，接受,,,,收,收受 收到 收錢 受款,,
receiving address,Noun,,,,,,,,,,,,,,,,,,,,,,,,,,,,,,,,,,,,,,,,,,,,,,,,,,,,,,,,,,,,,,,,,,,,,,,,,,,,,,,,,,,,,,,,,,,,,,,,,,,,,,,,,,,,,,,,,,,,,,,,,,,,,,,,,,,,,,,,,,,,,,,,,,,,,,,,,,,,,,,,,,,,,,,,,,,,,,,,,,,,,
recipient,Noun,,,,,,,,,,,,,,,,,,,,,,,,,,,,,,,,,,,,,,,,,,,,,,,,,,,,,,,,,,,,,,,,,,,,,,,,,,,,,,,,,,,,,,,,,,,,,,,,,,,,,,,,,,,,,,,,,,,,,,,,,,,,,,,,,,,,,,,,,,,,,,,,,,,,,,,,,,,,,,,,,,,,,,,,,,,,,,,,,,,,,
refund,Noun,,,,,,,,,,,,,,,,,,,,,,,,,,,,tilbagebetaling,,,,,,,,,,,,,,,,,,,,,,,,,,,,,,,,,,,,,,,,,,,,,,,,,,,,,,,,,,,,,,,,,,,,,,,,,,,,,,,,,,,,,,,,,,zwrot,,,,,,,rambursare,,,,,,,,,,,,,,,,,,,,,,,,,తిరిగి చెల్లింపు,,,,,,,,,,,,,,,,,,,,,,,,,,,,退款,,,
refund,Verb,,,,terugbetaling,,,,,,,,,,,,,,,,,,,,,,,,tilbagebetale,,,,,,,,,,,,,,,,,,,,,,,,,,,,,,,,,,,,,,,,,,,,,,,,,,,,,,,,,,,,,,,,,,,,,,,,,,,,,,,,,,,,,,,,,,zwracać,,,,,,,înapoia,,,,,,,,,,,,,,,,,,,,,,,,,తిరిగి చెల్లించు,,,,,,,,,,,,,,,,,,,,,,,,,,,,退款,,,
reindex,Verb,,,,,,,,,,,,,,,,,,,,,,,,,,,,,,,,,,,,,,,,,,,,,,,,,,,,,,,,,,,,,,,,,,,,,,,,,,,,,,,,,,,,,,,,,,,,,,,,,,,,,,,,,,,,,,,,,,,,,,,,,,,,,,,,,,,,,,,,,,,,,,,,indexera om,,,,,,,,,,,,,,,,,,,,,,,,,,,,,,,,,,,,,
rejected,Adjective,,,,verwerp,,,,,,,,,,,,,,,,,,,,,,,,,,,,,,,,,,rechazado,,,,,,,,,,,,,,,,,,,,,,,,,,,,,,,,,,,,,,,,,,,,,,,,,,,,,,,,,,,,,,,,,,,,,,,,,,,,,,,,,,,,,,,,,,,,,,,,,,,,,,,,,,,,,,,,,,,,,,,,,,,,,,,,,,,,,,,,,,,,,,,
relay,Preposition,,,,,,,,,,,,,,,,,,,,,,,,,,,,,,,,,,,,,,,,,,,,,,,,,,,,,,,,,,,,,,,,,,,,továbbítási,,,,,,,,,,,,,,,,,,,,,,,,,,,,,,,,,,,,,,,,,,,,,,,,,,,,,,,,,,,,,,,,,,,,,,,,,,,,,,,,,,,,,,,,,,,,,,,,,,,,,,,,,,,,,,,,,
relay,Verb,,,,,,,,,,,,,,,,,,,,,,,,,,,,videresende,,übermitteln,,,,,,,,retransmitir,,,,,,,,,,,,,,,,,,,,,,,,,,,,,,továbbít,,,,,,,,,,,,,,,,,,,,,,,,,,,,,,,,,,,,,,,,,,,,,,doorsturen,,,,,,,,,,,,,,,,,,,,,,,,,,,,,,,,,,,,,,,,aktarmak,,,,ретранслювати,,,,,,,,,,,,,,,,,,,,轉發,,,
request,Noun,,,,,,,,,,,,,,,,,,,,,,,,,,,,anmodning,,,,,,,,peto,,solicitud,,,,,,,,,,,,,,,,درخواست,,,,,,demande,dans le cadre d'une demande paiement,בקשה,,,,zahtjev,,,,,,,,,,,,,,მოთხოვნა,,,,,,,,,,,,,,,,,,,,,,,,,,,,,,,,,,verzoek,"waarschijnlijk is verzoek beter, was eerst aanvraag",,,żądanie,,,,,,,cerere,,,,,,,,,,,,,,,,,,,begäran,,,,,,,,,,talep,,,,,,,,,,,,,,,,,,,,,,,,請求,,,
request,Verb,,,,versoek,,,,,,,,,,,,,,,,,,,,,,,,anmode,,,,,,,,,,solicitar,,,,,,,,,,,,,,,,درخواست کردن,,,,,,,,בקשה,,,,zahtjevati,(za)tražiti,,,,,,,,,,,,,,,,,,,,,,,,,,,,,,,,,,,,,,,,,,,,,,,verzoek,,,,zażądać,,,,,,,cere,,,,,,,,,,,,,,,,,,,begära,,,,,,,,,,talep etmek,,,,,,,,,,,,,,,,,,,,,,,,要求,,,
require,Verb,,,,vereis,,,,,,,,,,,,,,,,,,,,,,,,,,,,,,,,,,requerir,,,,,,,,,,,,,,,,,,,,,,,,,,,,,,,,,,,,,,,,,,,,,,,,,,,,,,,,,,,,,,,,,,,,,,,,,,,,,,,,,,,,,,,,,,,,,,,,,,,,,,,,,,,,,,,,,,,,,,,,,,,,,,,,,,,,,,,,,,,,,,,
reset,Verb,,,,,,,,,,,,,,,,,,,,,,,,,,,,nulstille,,zurücksetzen,,,,,,,,restablecer,,,,,,,,,,,,,,,,تنظیم مجدد,,nollaa,,,,,,איפוס,,,,ponovno postaviti,,,,,,,,,,,,,,,,,,,,,,,,,,,,,,,,,,,,,,,,,,,,,,,,reset,,,,zresetować,,,,,,,,,,,,,,,,,,,,,,,,,,,,,,,,,,,,sıfırlamak,,,,,,,,,,,,,,,,,,,,,,,,重置,,,
resolve,Verb,,,,,,,,,,,,,,,,,,,,,,,,,,,,,,,,,,,,,,,,,,,,,,,,,,,,,,,,,,,,,,,,,,,,,,,,,,,,,,,,,,,,,,,,,,,,,,,,,,,,,,,,,,,,,,,,,,,,,,,,,,,,,,,,,,,,,,,,,,,,,,,,,,,,,,,,,,,,,,,,,,,,,,,,,,,,,,,,,,,,,
restart,Verb,,,,herbegin,herlaai,,,,,,,,,,,,,,,,,,,,,,,,,,,,,,,,,reiniciar,,,,,,,,,,,,,,,,,,,,,,,,,,,,,,,,,,,,,,,,,,,,,,,,,,,,,,,,,,,,,,,,,,,,,,,,,,,,herstart,,,,,,,,,,,,,,,,,,,,,,,,,,,,,,,,,,,,,,,,,,,,,,,,,,,,,,,,,,,,,,,,,,,
restore,Noun,,,,,,,,,,,,,,,,,,,,,,,,,,,,,,,,,,,,,,,,,,,,,,,,,,,,,,,,,,,,,,,,,,,,,,,,,,,,,,,,,,,,,,,,,,,,,,,,,,,,,,,,,,,,,,,,,,,,,,,,,,,,,,,,,,,,,,,,,,,,,,,,,,,,,,,,,,,,,,,,,,,,,,,,,,,,,,,,,,,,,
rewind,Verb,,,,,,,,,,,,,,,,,,,,,,,,,,,,,,,,,,,,,,,,,,,,,,,,,,,,,,,,,,,,,,,,,,,,,,,,,,,,,,,,,,,,,,,,,,,,,,,,,,,,,,,,,,,,,,,,,,,,,,,,,,,,,,,,,,,,,,,,,,,,,,,,,,,,,,,,,,,,,,,,,,,,,,,,,,,,,,,,,,,,,
right-click,Noun,,,,regsklik,,,,,,,,,,,,,,,,,,,,,,,,,,,,,,,,,,,,,,,,,,,,,,,,,,,,,,,,clic-droit,,,,,,,,,,,,,,,,,,,,,,,,,,,,,,,,,,,,,,,,,,,,,,,,,,,,,,,,,,,,,,,,,,,,,,,,,,,,,,,,,,,,,,,,,,,,,,sağ-tık,,,,,,,,,,,,,,,,,,,,,,,,,,,
rpc,,remote procedure call,,,,,,,,,,,,,,,,,,,,,,,,,,,,,,,,,,,,,rpc,llamada a procedimiento remoto,,,,,,,,,,,,,,,,,,,,,,,,,,,,,,,,,,,,,,,,,,,,,,,,,,,,,,,,,,,,,,,,,,,,,,,,,,,rpc,,,,,,,,,,,,,,,,,,,,,,,,,,,,,,,,,,,,,,,,,,,,,,,,,,,,,,,,,,,,,,,,RPC,,,
satoshis,Noun,"satoshi (sat) = millibitcoin (mBTC)
See https://en.wikipedia.org/wiki/Bitcoin#Units",,,,,,,,,,,,,,,,,,,,,,,,,,,,,,,,,,,,,,,,,,,,,,,,,,,,,,,,,,,,,,,,,,,,,,,,,,,,,,,,,,,,,,,,,,,,,,,,,,,,,,,,,,,,,,,,,,,,,,,,,,,,,,,,,,,,,satošiji,,,,,,,,,,,,,,,,,,,,,,,,,,,,,,,,,,,,,,,,,,,,,,,
save,Verb,,,,,,,,,,,,,,,,,,,,desar,,,,,,,,,,,,,,,,,,,,,,,,,,,,,,,,,,,,,,,,,,,,,,,,,,,,,,,,,,,,,,,,,,,,,,,,,,,,,,,,,,,,,,,,,,,,,,,,,,,,,,,,,,,,,,,,,,,,,,,,,,,,,,,,,,,,,,,,,,,,,,,,,,,,,,,,,,,,,,,,,
script,Noun,,,,,,,,,,,,,,,,,,,,,,,,,,,,skript,,,,,,,,,,script,,,,,,,,,,,,,,,,,,,,,,,,,,,,,,,,,,,,,,,,,,,,,,,,,,,,,,,,,,,,,,,,,,,,,,,,,,,,script,,,,skrypt,,,,,,,,скрипт,,,,,,,,,,,,,,,,,,,,,,,,,,,,betik,,,,,,,,,,,,,,,,,,,,,,,,指令碼,,,
scripts,Noun,,,,,,,,,,,,,,,,,,,,,,,,,,,,skripter,,,,,,,,,,scripts,,,,,,,,,,,,,,,,,,,,,,,,,,,,,,,,,,,,,,,,,,,,,,,,,,,,,,,,,,,,,,,,,,,,,,,,,,,,scripts,,,,skrypty,,,,,,,,,,,,,,,,,,,,,,,,,,,,,,,,,,,,,,,,,,,,,,,,,,,,,,,,,,,,指令碼,,,
second,,,,,,,,,ثانية,,,,,,,,,,,,segon,,,,,,,,,,,,,,,,,,,,,,,,,,,,,,,,,,,,,,,,,,,,,,,,,,,,,,,,,,,,,,,,,,,,,,,,,,,,,,,,,,,,,,,,,,,,,,,,,,,,,,,,,,,,,,,,,,,,,,,,,,,,,,,,,,,,,,,,,,,,,,,,,,,,,,,,,,,,,,,,,
second,Noun,,,,sekonde,,,,,,,,,,,,,,,,segons,,,,,,,,,,,,,,,,,,segundo,,,,,,,,,,,,,,,,,,,,,,,,,,,,,,,,,,,,,,,,,,,,,,,,,,,,,,,,,,,,,,,,,,,,,,,,,,,,seconde,,,,,,,,,,,,,,,,,,,,,,,,,,,,,,sekund,,,,,,,,,,,,,,,,,,,,,,,,,,,,,,,,,,,,,
second (n),,,,,,,,,ن) ثانية),,,,,,,,,,,,,,,,,,,,,,,,,,,,,,,,,,,,,,,,,,,,,,,,,,,,,,,,,,,,,,,,,,,,,,,,,,,,,,,,,,,,,,,,,,,,,,,,,,,,,,,,,,,,,,,,,,,,,,,,,,,,,,,,,,,,,,,,,,,,,,,,,,,,,,,,,,,,,,,,,,,,,,,,,,,,,
seconds,Noun,,,,sekondes,,,,,,,,,,,,,,,,,,,,,,,,,,,,,,,,,,segundos,,,,,,,,,,,,,,,,,,,,,,,,,,,,,,,,,,,,,,,,,,,,,,,,,,,,,,,,,,,,,,,,,,,,,,,,,,,,seconden,,,,,,,,,,,,,,,,,,,,,,,,,,,,,,sekunder,,,,,,,,,,,,,,,,,,,,,,,,,,,,,,,,,,,,,
seconds (n),,,,,,,,,ن) ثانية),,,,,,,,,,,,,,,,,,,,,,,,,,,,,,,,,,,,,,,,,,,,,,,,,,,,,,,,,,,,,,,,,,,,,,,,,,,,,,,,,,,,,,,,,,,,,,,,,,,,,,,,,,,,,,,,,,,,,,,,,,,,,,,,,,,,,,,,,,,,,,,,,,,,,,,,,,,,,,,,,,,,,,,,,,,,,
security,Noun,,,,,,,,,,,,,,,,,,,,,,,,,,,,,,,,,,,,,,,,,,,,,,,,,,,,,,,,,,,,,,,,,,,,,,,,,,,,,,,,,,,,,,,,,,,,,,,,,,,,,,,,,,,,,,,,,,,,,,,,,,,,,,,,,,,,,,,,,,,,,,,,,,,,,,,,,,,,,,,,,,,,,,,,,,,,,,,,,,,,,
seed,Noun,,,,,,,,,,,,,,,,,,,,,,,,,,,,,,,,,,,,,,,,,,,,,,,,,,,,,,,,,,,,graine,,,,,,,,,,,,,,,,,,,,,,,,,,,,,,,,,,,,,,,,,,,,,,,,,,,,,,,,,,,,,,,,,,,,,,,,,,,,,,,,,,,,,,,,,,,,,,,,,,,,,,,,,,,,,,,,,,,,,,,,,
segwit,Noun,,,,,,,,,,,,,,,,,,,,,,,,,,,,,,,,,,,,,,,,,,,,,,,,,,,,,,,,,,,,,,segwit,,,,,,,,,,,,,,,,,,,,,,,,,,,,,,,,,,,,,,,,,,,,,,,,,,,,,,,,,,,,,,,,,,,,,,,,,,,,,,,,,,,,,,,,,,,,,,,,,,,,,,,,,,,,,,,,,,,,,,,
selected,,,,,,,,,,,,,,,,,,,,,,,,,,,,,,,,,,,,,,,seleccionadas,,,,,,,,,,,,,,,,,,,,,,,,,,,,,,,,,,,,,,,,,,,,,,,,,,,,,,,,,,,,,,,,,,,,,,,,,,,,,,,,,,,,,,,,,,,,,,,,,,,,,,,,,,,,,,,,,,,,,,,,,,,,,,,,,,,,,,,,,,,,,,,
selected,Adjective,select is the verb. Selected is an adjective.,,,gekies,,,,,,,,,,,,,,,,,,,,,,,,,,,,,,,,,,seleccionado,,,,,,,,,,,,,,,,,,,,,,,,,,,,,,,,,,,,,,,,,,,,,,,,,,,,,,,,,,,,,,,,,,,,,,,,,,,,geselecteerd,,,,,,,,,,,,,,,,,,,,,,,,,,,,,,,,,,,,,,,,,,,,,,,,,,,,,,,,,,,,,,,,,,,
send,Verb,,,,,,,,,,,,,,,,,,,,,,,,,,,,,,,,,,,,,,,,,,,,,,,,,,,,,,,,,,,,,,,,,,,,,,,,,,,,,,,,,,,,,,,,,,,,,,,,,,,,,,,,,,,,,,,,,,,,,,,,,,,,,,,,,,,,,,,,,,,,,,,,,,,,,,,,,,,,,,,,,,,,,,,,,,,,,,,,,,,,,
sender,,,,,,,,,,,,,,,,,,,,,,,,,,,,,,,,,,,,,,,,,,,,,,,,,,,,,,,,,,,,,,,,,,,,,,,,,,,,,,,,,,,,,,,,,,,,,,,,,,,,,,,,,,,,,,,,,,,verzender,,,,,,,,,,,,,,,,,,,,,,,,,,,,,,,,,,,,,,,,,,,,,,,,,,,,,,,,,,,,,,,,,,,
sender,Noun,,,,,,,,,,,,,,,,,,,,,,,,,,,,afsender,,,,,,,,sendanto,,remitente,,,,,,,,,,,,,,,,فرستنده,,,,,,,,,,,,pošiljatelj,,,,,,,,,,mittente,,送り主,,გამგზავნი,,,,,,,,,,,,mittens mittentis,,,,,,,,,,,,,,,,,,,,,,verzender,,,,nadawca,,,,,,,,,,,,,,,,,,,,,,,,,,,,,,,,,,,,gönderici,,,,адресант,,,,,,,,,,,,,,,,发送者,,,,付款人,,,
sending address,Noun,,,,,,,,,,,,,,,,,,,,,,,,,,,,,,,,,,,,,,,,,,,,,,,,,,,,,,,,,,,,,,,,,,,,,,,,,,,,,,,,,,,,,,,,,,,,,,,,,,,,,,,,,,,,,,,,,,,,,,,,,,,,,,,,,,,,,,,,,,,,,,,,,,,,,,,,,,,,,,,,,,,,,,,,,,,,,,,,,,,,,
show,Verb,,,,,,,,,,,,,,,,,,,,,,,,,,,,,,,,,,,,,,,,,,,,,,,,,,,,,,,,,,,,,,,,,,,,,,,,,,,,,,,,,,,,,,,,,,,,,,,,,,,,,,,,,,,,,,,,,,,,,,,,,,,,,,,,,,,,,,,,,,,,,,,,,,,,,,,,,,,,,,,,,,,,,,,,,,,,,,,,,,,,,
signature,Noun,,,,,,,,,,,,,,,,,,,,,,,,,,,,signatur,,,,,,,,subskribo,,firma,,,,,,,,,,,,,,,,امضا,,,,,,,,חתימה,,,,potpis,,,,,,,,,,firma,,署名,,ხელმოწერა,,,,,,,,,,,,signatio signationis (f.),,,,,,,,,,,,,,,,,,,,,,handtekening,,,,podpis,,,,,,,semnătură,,,,,,,,,,,,,,,,,,,signatur,,,,,,సంతకం,,,,imza,,,,підпис,,,,,,,,,,,,,,,,签名,,,,簽章,,,
size,Noun,,,,,,,,,,,,,,,,,,,,,,,,,,,,,,,,,,,,,,,,,,,,,,,,,,,,,,,,,,,,,,,,,,,,,,,,,,,,,,,,,,,,,,,,,,,,,,,,,,,,,,,,,,,,,,,,,,,,,,,,,,,,,,,,,,,,,,velikost,,,,,,,,,,,,,,,,,,,,,,,,,,,,,,,,,,,,,,,,,,,,,,,
smaller,Adjective,,,,,,,,,,,,,,,,,,,,,,,,,,,,,,,,,,,,,,,,,,,,,,,,,,,,,,,,,,,,,,,,,,,,,,,,,,,,,,,,,,,,,,,,,,,,,,,,,,,,,,,,,,,,,,,,,,,,,,,,,,,,,,,,,,,,,,,,,,,,,,,,,,,,,,,,,,,,,,,,,,,,,,,,,,,,,,,,,,,,,
source,Noun,,,,,,,,,,,,,,,,,,,,,,,,,,,,,,,,,,,,,,,,,,,,,,,,,,,,,,,,,,,,,,,,,,,,,,,,,,,,,,,,,,,,,,,,,,,,,,,,,,,,,,,,,,,,,,,,,,,,,,,,,,,,,,,,,,,,,,,,,,,,,,,,,,,,,,,,,,,,,,,,,,,,,,,,,,,,,,,,,,,,,
specified,Adjective,,,,gespesifiseer,,,,,,,,,,,,,,,,,,,,,,,,,,,,,,,,,,,,,,,,,,,,,,,,,,,,,,,,,,,,,,,,,,,,,,,,,,,,,,,,,,,,,,,,,,,,,,,,,,,,,,,,,,,,,,,,,,,,,,,,,,,,,,,,,,,,,,,,,,,,,,,,,,,,,,,,,,,,,,,,,,,,,,,,,,,,,,,,,
specify,Verb,,,,spesifiseer,,,,,,,,,,,,,,,,,,,,,,,,,,,,,,,,,,,,,,,,,,,,,,,,,,,,,,,,,,,,,,,,,,,,,,,,,,,,,,,,,,,,,,,,,,,,,,,,,,,,,,,,,,,,,,,,,,,,,,,,,,,,,,,,,,,,,,,,,,,,,,,,,,,,,,,,,,,,,,,,,,,,,,,,,,,,,,,,,
spend,Verb,,,,,,,,,,,,,,,,,,,,,,,,,,,,spendere,,,,,,,,elspezi,,gastar,,,,,,,,,,,,,,,,,,,,,,,,,,,,trošiti,,,,,,,,,,spendere,,,,"ხარჯვა, გატარება",,,,,,,,,,,,"transmittere transmisisse transmissum, solvere solvisse solutum (e.g. mercedem solvere)",,,,,,,,,,,,,,,,,,,,,,geef uit,,,,wydać,,,,,,,cheltuie,,,,,,,,,,,,,,,,,,,spendera,,,,,,,,,,,,,,,,,,,,,,,,,,,,,,,,,,花用,花,,
split wallet,Noun,,,,,,,,,,,,,,,,,,,,,,,,,,,,,,,,,,,,,,,,,,,,,,,,,,,,,,,,,,,,porte-monnaie divisé,,,,,,,,,,,,,,,,,,,,,,,,,,,,,,,,,,,,,,,,,,,,,,,,,,,,,,,,,,,,,,,,,,,,,,,,,,,,,,,,,,,,,,,,,,,,,,,,,,,,,,,,,,,,,,,,,,,,,,,,,
startup,Verb,,,,,,,,,,,,,,,,,,,,,,,,,,,,,,,,,,,,,,,,,,,,,,,,,,,,,,,,,,,,,,הפעלה,,,,pokrenuti,,,,,,,,,,,,,,,,,,,,,,,,,,,,,,,,,,,,,,,,,,,,,,,,,,,,uruchamiać,,,,,,,,,,,,,,,,,,,,,,,,,,,,,,,,,,,,,,,,,,,,,,,,,,,,,,,,,,,,起動,,,
support,Noun,,,,,,,,,,,,,,,,,,,,,,,,,,,,,,,,,,,,,,,,,,,,,,,,,,,,,,,,,,,,prise en charge,,,,,,,,,,,,,,,,,,,,,,,,,,,,,,,,,,,,,,,,,,,,,,,,,,,,,,,,,,,,,,,,,,,,,,,,,,,,,,,,,,,,,,,,,,,,,,,,,,,,,,,,,,,,,,,,,,,,,,,,,
synchronizing,Verb,,,,,,,,,,,,,,,,,,,,,,,,,,,,,,,,,,,,,,,,,,,,,,,,,,,,,,,,,,,,,,,,,,,,,,,,,,,,,,,,,,,,,,,,,,,,,,,,,,,,,,,,,,,,,,,,,,,,,,,,,,,,,,,,,,,,,,,,,,,,,,,,,,,,,,,,,,,,,,,,,,,,,,,,,,,,,,,,,,,,,
system,Noun,,,,,,,,,,,,,,,,,,,,,,,,,,,,system,,,,,,,,sistemo,,sistema,,,,,,,,,,,,,,,,سیستم,,,,,,,,מערכת,,,,sustav,,,,,,,,,,sistema,,システム,,სისტემა,,,,,,,,,,,,systema systematis (n.),,,,,,,,,,,,,,,,,,,,,,systeem,,,,system,,,,,,,sistem,,,,,,,,,,,,,,,,,,,system,,,,,,సిస్టం,,,,,,,,система,,,,,,,,,,,,,,,,,,,,系統,,,
system tray,Noun,,,,,,,,,,,,,,,,,,,,,,,,,,,,,,,,,,,,,,bandeja del sistema,,,,,,,,,,,,,,,,,,,,,,,,,,,,,,,,,,,,,,,,システムトレイ,,,,,,,,,,,,,,,,,,,,,,,,,,,,,,,,,,,,systeembalk,,,,,,,,,,,,,,,,,,,,,,,,,,,,,,,,,,,,,,,,,,,,,,,,,,,,,,,,,,,,,,,,,,,
testnet,Noun,,,,,,,,,,,,,,,,,,,,,,,,,,,,,,,,,,,,,,testnet,,,,,,,,,,,,,,,,,,,,,,,,רשת הבדיקה,,,,,,,,,,,,,,,,テストネット,,,,,,,,,,,,,,,,,,,,,,,,,,,,,,,,,,,,testnet,,,,,,,,,,,,,,,,,,,,,,,,,,,,,,testnet,,,,,,,,,,,,,,,,,,,,,,,,,,,,,,,,,,,,,
the wallet,Noun,,,,,,,,المحفظة,,,,,,,,,,,,,,,,,,,,,,,,,,,,,,,,,,,,,,,,,,,,,,,,,,,,,,,,,,,,,,,,,,,,,,,,,,,,,,,,,,,,,,,,,,,,,,,,,,,,,,,,,,,,,,,,,,,,,,,,,,,,,,,,,,,,,,,,,,,,,,,,,,,,,,,,,,,,,,,,,,,,,,,,,,,,,
their wallet,Noun,,,,,,,,محفظتهم,,,,,,,,,,,,,,,,,,,,,,,,,,,,,,,,,,,,,,,,,,,,,,,,,,,,,,,,,,,,,,,,,,,,,,,,,,,,,,,,,,,,,,,,,,,,,,,,,,,,,,,,,,,,,,,,,,,,,,,,,,,,,,,,,,,,,,,,,,,,,,,,,,,,,,,,,,,,,,,,,,,,,,,,,,,,,
this change,Verb,,,,,,,,هذا التغيير,,,,,,,,,,,,,,,,,,,,,,,,,,,,,,,,,,,,,,,,,,,,,,,,,,,,,,,,,,,,,,,,,,,,,,,,,,,,,,,,,,,,,,,,,,,,,,,,,,,,,,,,,,,,,,,,,,,,,,,,,,,,,,,,,,,,,,,,,,,,,,,,,,,,,,,,,,,,,,,,,,,,,,,,,,,,,
threshold,Noun,,,,,,,,,,,,,,,,,,,,,,,,,,,,,,,,,,,,,,,,,,,,,,,,,,,,,,,,,,,,,,,,,,,,,,,,,,,,,,,,,,,,,,,,,,,,,,,,,,,,,,,,,,,,,,,,,,,,,,,,,,,,,,,,,,,,,,,,,,,,,,,,,,,,,,,,,,,,,,,,,,,,,,,,,,,,,,,,,,,,,
to type,Verb,,,,,,,,,,,,,,,,,,,,,,,,,,,,,,,,,,,,,,,,,,,,,,,,,,,,,,,,,,,,,,,,,,,,,,,,,,,,,,,,,,,,,,,,,,,,,,,,,,,,,,,,,,,,,,,,,,,,,,,,,,,,,,,,,,,,,,,,,,,,,,,,,,,,,,,,,,,,,,,,,,,,,,,,,,,,,,,,,,,,,
toolbar,Noun,,,,,,,,,,,,,,,,,,,,,,,,,,,,værktøjslinje,,,,,,,,ilobreto,,Barra de herramientas,,,,,,,,,,,,,,,,,,,,,,,,סרגל כלים,,,,alatna traka,,,,,,,,,,,,ツールバー,,პანელი,,,,,,,,,,,,tabella instrumentorum,,,,,,,,,,,,,,,,,,,,,,werkbalk,,,,pasek narzędzi,,,,,,,bară de instrumente,,,,,,,,,,,,,,,,,,,,,,,,,,,,,,,,,,,,,,,,,,,,,,,,,,,,,工具列,,,
tooltip,Noun,,,,,,,,,,,,,,,,,,,,,,,,,,,,værktøjstip,,,,,,,,,,,,,,,,,,,,,,,,,,,,,,,,,,,,,,,,,,,,,,,,,,,,,,,,,,,,,,,,,,,,,,,,,,,,,,,,,,,,,,,,,,,,,,,,,,,,,,,,,,,,,,,,,,,,,,,,,,,,,,,,,,,,,,,,,,,,,,,,,,,,,,提示,,,
total,Noun,,,,,,,,,,,,,,,,,,,,,,,,,,,,,,,,,,,,,,,,,,,,,,,,,,,,,,,,,,,,,,,,,,,,,,,,,,,,,,,,,,,,,,,,,,,,,,,,,,,,,,,,,,,,,,,,,,,,,,,,,,,,,,,,,,,,,,,,,,,,,,,,,,,,,,,,,,,,,,,,,,,,,,,,,,,,,,,,,,,,,
transaction,Noun,,,,,,,,,,,,,,,,,,,,,,,,,,,,,,,,,,,,,,,,,,,,,,,,,,,,,,,,,,,,,,עסקה,,,,,,,,,,,,,,,,,,,,,,,,,,,,,,,,,,,,,,,,,,,,,,,,,,,,,,,,,,,,,,,,,,,,,,,,,,,,,,,,,,transaktion,,,,,,,,,,,,,,,,,,,,,,,,,,,,,,,,,,,,,
transaction fee,Noun,,,, transaksie fooi,,,,,,,,,,,,,,,,,,,,,,,,transaktionsgebyr,,Transaktionsgebühr,,,,,,,,comisión por transacción,,,,,,,,,,,,,,,,,,,,,,,,עמלת עסקה,,,,,,,,,,,,,,,,,,ტრანსაქციის საკომისიო,,,,,,,,,,,,,,,,,,,,,,,,,,,,,,,,,,transactievergoeding,"""transactiekosten"" is less depending on a correct context, and easier to understand",,,opłata transakcyjna,,,,,,,taxă de tranzacție,,,,,,,,,provizija,,,,,,,,,,transaktionsavgift,,,,,,,,,,,,,,,,,,,,,,,,,,,,,,,,,,,,,
transaction fee,Pronoun,,,, transaksie fooi,,,,,,,,,,,,,,,,,,,,,,,,,,,,,,,,,,comisión por transacción,,,,,,,,,,,,,,,,,,,,,,,,עמלת עסקה,,,,,,,,,,,,,,,,,,ტრანზაქციის საკომისიო,,,,,,,,,,,,,,,,,,,,,,,,,,,,,,,,,,transactievergoeding,,,,,,,,,,,,,,,,,,,,,,,,,,,,,,,,,,,,,,,,,,,,,,,,,,,,,,,,,,,,,,,,,,,
transactions,Noun,,,,,,,,,,,,,,,,,,,,,,,,,,,,,,,,,,,,,,,,,,,,,,,,,,,,,,,,,,,,,,,,,,,,,,,,,,,,,,,,,,,,,,,,,,,,,,,,,,,,,,,,,,,,,,,,,,,,,,,,,,,,,,,,,,,,,,,,,,,,,,,,,,,,,,,,,,,,,,,,,,,,,,,,,,,,,,,,,,,,,
tx,Noun,short for Transaction,,,,,,,,,,,,,,,,,,,,,,,,,,,transaktion,,Transaktion,,,,,,,,tx,"short for ""Transacción"". tx may be a good choice.",,,,,,,,,,,,,,,,,,,,,,,,,,,,,,,,,,,,,,,,,,,,,,,,,,,,,,,,,,,,,,,,,,,,,,,,,,,tx,,,,,,,,,,,,,,,,,,,,,,,,,,,,,,,,,,,,లావాదేవీ,,,,,,,,,,,,,,,,,,,,,,,,,,,,交易,,,
unencrypted,Adjective,,,,,,,,,,,,,,,,,,,,,,,,,,,,,,,,,,,,,,,,,,,,,,,,,,,,,,,,,,,,,,לא מוצפן,,,,,,,,,,,,,,,,,,,,,,,,,,,,,,,,,,,,,,,,,,,,,,,,,,,,,,,,,,,,,,,,,,,,,,,,,,,,,,,,,,,,,,,,,,,,,,,,,,,,,,,,,,,,,,,,,,,,,,,
unlock,Verb,,,,,,,,,,,,,,,,,,,,,,,,,,,,låse op,,,,,,,,malŝlosi,,desbloquear,,,,,,,,,,,,,,,,,,,,,,,,פתיחה,,,,otključati,,,,,,,,,,sbloccare,,アンロック,,განბლოკვა,,,,,,,,,,,,reserare reseravisse reseratum,,,,,,,,,,,,,,,,,,,,,,ontgrendel,,,,odblokować,,,,,,,deblochează,,,,,,,,,,,,,,,,,,,,,,,,,,,,,kilidi açmak,,,,,,,,,,,,,,,,,,,,,,,,解鎖,,,
usage,Noun,,,,,,,,,,,,,,,,,,,,,,,,,,,,brug,,,,,,,,uzo,,uso,,,,,,,,,,,,,,,,کاربرد,,,,,,,,שימוש,,,,uporaba,,,,,,,,,,,,,,გამოყენება,,,,,,,,,,,,,,,,,,,,,,,,,,,,,,,,,,gebruik,,,,stosowanie,,,,,,,folosire,,,,,,,,,,,,,,,,,,,användning,,,,,,వాడుక,,,,,,,,використання,,,,,,,,,,,,,,,,,,,,用法,,,
valid,,,,,,,,,,,,,,,,,,,,,,,,,,,,,,,,,,,,,,,válida,,,,,,,,,,,,,,,,,,,,,,,,,,,,,,,,,,,,,,,,,,,,,,,,,,,,,,,,,,,,,,,,,,,,,,,,,,,,,,,,,,,,,,,,,,,,,,,,,,,,,,,,,,,,,,,,,,,,,,,,,,,,,,,,,,,,,,,,,,,,,,,
valid,Adjective,,,,,,,,,,,,,,,,,,,,,,,,,,,,gyldig,,,,,,,,valida,,válido,"Depende del contexto.
Se puede traducir como: válido, válida.",,,,,,,,,,,,,,,,,,,,,,,תקני,,,,važeći,,,,,,,,,,,,,,"დაშვებული, ხელმისაწვდომი",,,,,,,,,,,,,,,,,,,,,,,,,,,,,,,,,,geldig,,,,ważny,,,,,,,,,,,,,,,,,,,,,,,,,,,,,,,,చెల్లదగ్గ,,,,geçerli,,,,вірний,,,,,,,,,,,,,,,,,,,,有效,,,
vary,Verb,,,,,,,,,,,,,,,,,,,,,,,,,,,,,,,,,,,,,,,,,,,,,,,,,,,,,,,,,,,,,,,,,,,,,,,,,,,,,,,,,,,,,,,,,,,,,,,,,,,,,,,,,,,,,,,,,,,,,,,,,,,,,,,,,,,,,,,,,,,,,,,,,,,,,,,,,,,,,,,,,,,,,,,,,,,,,,,,,,,,,
verify,Verb,,,,,,,,,,,,,,,,,,,,,,,,,,,,verificere,,,,,,,,kontroli,,verificar,,,,,,,,,,,,,,,,تایید کردن,,,,,,,,,,,,ovjeriti,,,,,,,,,,verificare,,検証する,,შემოწმება,,,,,,,,,,,,,,,,,,,,,,,,,,,,,,,,,,controleren,,,,weryfikacja,,,,,,,verifică,,,,,,,,,,,,,,,,,,,verifiera,,,,,,ధృవీకరించు,,,,onayla,,,,,,,,,,,,,,,,,,,,,,,,驗證,,,
via,,,,,,,,,,,,,,,,,,,,,,,,,,,,,via,,,,,,,,,,,,,,,,,,,,,,,,,,با کمک,,,,,,,,,,,,,,,,,,,,,,,,,,,,,,,,,,,,,,,,,,,,,,,,,,,,,,,,,,,,via,,,,przez,,,,,,,,,,,,,,,,,,,,,,,,,,,,,,,,ద్వారా,,,,üzerinden,,,,,,,,,,,,,,,,,,,,,,,,介由,,,
virtual size,Noun,transaction,,,,,,,,,,,,,,,,,,,,,,,,,,,,,,,,,,,,,,,,,,,,,,,,,,,,,,,,,,,,,,,,,,,,,,,,,,,,,,,,,,,,,,,,,,,,,,,,,,,,,,,,,,,,,,,,,,,,,,,,,,,,,,,,,,,,,,,,,,,,,,,,,,,,,,,,,,,,,,,,,,,,,,,,,,,,,,,,,擬真大小,Virtual 有接近真實但又不是，或是表面不是但實際上卻是的兩種意思，因此有虛擬和實質兩種好像完全相反的翻譯。這裡 transaction 的 virtual size 是指 transaction 資料結構本身的大小，加上 transaction 對應 witness 的大小。因為 witness 並不是原本  Bitcoin 所定義的 transaction 資料結構的一部分，但卻是交易實質內容的一部分，因此 virtual 在這裡有「不是又是」的意義。這裡選用擬真一詞希望能傳達這種意思。,,
visible,Adjective,,,,,,,,,,,,,,,,,,,,,,,,,,,,,,,,,,,,,,,,,,,,,,,,,,,,,,,,,,,,,,,,,,,,,,,,,,,,,,,,,,,,,,,,,,,,,,,,,,,,,,,,,,,,,,,,,,,,,,,,,,,,,,,,,,,,,,,,,,,,,,,,,,,,,,,,,,,,,,,,,,,,,,,,,,,,,,,,,,,,,
wallet,,,,,,,,,,,,,,,,,,,,,,,,,,,,,,,,,,,,,,,,,,,,,,,,,,,,,,,,,,,,,,,,,,,,,,,,,,,,,,,,,,,,,,,,,,,,,,,,,,,,,,,,,,,,,,,,,,,,,,,,,,,,,,,кошелька,,,,,,,,,,,,,,,,,,,,,,,,,,,,,,,,,,,,,,,,,,,,,,,,,,,,,,,
wallet,Noun,,,,,,,,محفظة,,,,,,,,,,,,cartera,,,,,,,,tegnebog,,,Aktuell erneut unklar ob das/die Wallet/Brieftasche - siehe https://www.transifex.com/bitcoin/teams/159/discussions/17915/,,,,,monujo,,monedero,,,,,,,,,,,,,,,,کیف پول,,,,,,porte-monnaie,Invariable au pluriel.,ארנק,,,,novčanik,,,,,,,,,,portafoglio,,ウォレット,,საფულე,,,,,,,,,,,,cassidile cassidilis (n.),,,,,,,,,,,,,,,,,,,,,,portemonnee,,,,portfel,,,,,,,portofel,кошелёк,"Кто-то систематически заменил ""кошелёк"" на ""бумажник"", по-моему, не самый удачный перевод. Кроме того, ""кошелёк"" уже более-менее устоялось. Это где-то обсуждалось? Какие доводы?
-----
http://translate.google.ru/?source=osdd#auto/ru/wallet также, в словарях StarDict нигде это слово не переводится как «кошелёк». Сравни с purse.",,,,,,,,,,,,,,,,,plånbok,,,,,,జోలె,,,,cüzdan,,,,гаманець,,,,,,,,,,,,,,,,,,,,錢包,錢包檔案,,
wallet,Pronoun,,,,,,,,,,,,,,,,,,,,,,,,,,,,,,,,,,,,,,,,,,,,,,,,,,,,,,,,,,,,,,,,,,,,,,,,,,,,,,,,,,,,,,,,,,,,,,,,,,,,,,,,,,,,,,,,,,,,,,,,,,,,,,кошельков,,,,,,,,,,,,,,,,,,,,,,,,,,,,,,,,,,,,,,,,,,,,,,,,,,,,,,,
wallet directory,Noun,,,,,,,,,,,,,,,,,,,,directori de carteres,,,,,,,,,,,,,,,,,,,,,,,,,,,,,,,,,,,,,,,,,,,,,,,,,,,,,,,,,,,,,,,,,,,,,,,,,,,,,,,,,,,,,,,,,,,,,,,,,,,,,,,,,,,,,,,,,,,,,,,,,,,,,,,,,,,,,,,,,,,,,,,,,,,,,,,,,,,,,,,,,
warning,Noun,,,,,,,,,,,,,,,,,,,,,,,,,,,,advarsel,,,,,,,,averto,,advertencia,,,,,,,,,,,,,,,,هشدار,,,,,,,,אזהרה,,,,upozorenje,,,,,,,,,,attenzione,,警告,,"ყურადღება, გაფრთხილება",,,,,,,,,,,,attentio attentionis (f.),,,,,,,,,,,,,,,,,,,,,,waarschuwing,,,,ostrzeżenie,,,,,,,atenționare,,,,,,,,,,,,,,,,,,,varning,,,,,,హెచ్చరిక,,,,uyarı,,,,,,,,,,,,,,,,,,,,,,,,警告,,,
watch-only,Adjective,,,,,,,,,,,,,,,,,,,,,,,,,,,,,,,,,,,,,,,,,,,,,,,,,,,,,,,,,,,,juste-regarder,,,,,,,,,,,,,,,,,,,,,,,,,,,,,,,,,,,,,,,,,,,,,,,,,,,,,,alleen-lezen,,,,,,,,,,,,,,,,,,,,,,,,,,,,,,,,,,,,,,,,,,,,,,,,,,,,,,,,,,,,,,,,,,,
watch-only,Noun,,,,,,,,,,,,,,,,,,,,,,,,,,,,,,,,,,,,,,,,,,,,,,,,,,,,,,,,,,,,juste-regarder,,,,,,,,,,,,,,,,,,,,,,,,,,,,,,,,,,,,,,,,,,,,,,,,,,,,,,,,,,,,,,,,,,,,,,,,,,,,,,,,,,,,,,,,,,,,,,,,,,,,,,,,,,,,,,,,,,,,,,,,,
week,Noun,,,,week,,,,,,,,,,,,,,,,setmana,,,,,,,,,,,,,,,,,,semana,,,,,,,,,,,,,,,,,,,,,,,,שבוע,,,,,,,,,,,,,,,,,,,,,,,,,,,,,,,,,,,,,,,,,,,,,,,,,,,,week,,,,,,,,,,,,,,,,,,,,,,,,,,,,,,vecka,,,,,,,,,,,,,,,,,,,,,,,,,,,,,,,,,,,,,
weeks,Noun,,,,weke,,,,,,,,,,,,,,,,setmanes,,,,,,,,,,,,,,,,,,semanas,,,,,,,,,,,,,,,,,,,,,,,,שבועות,,,,,,,,,,,,,,,,,,,,,,,,,,,,,,,,,,,,,,,,,,,,,,,,,,,,weken,,,,,,,,,,,,,,,,,,,,,,,,,,,,,,veckor,,,,,,,,,,,,,,,,,,,,,,,,,,,,,,,,,,,,,
window,Noun,,,,,,,,,,,,,,,,,,,,finestra,,,,,,,,,,,,,,,,,,,,,,,,,,,,,,,,,,,,,,,,,,,,,,,,,,,,,,,,,,,,,,,,,,,,,,,,,,,,,,,,,,,,,,,,,,,,,,,,,,,,,,,,,,,,,,,,,,,,,,,,,,,,,,,,,,,,,,,,,,,,,,,,,,,,,,,,,,,,,,,,,
year,Noun,,,,jaar,,,,,,,,,,,,,,,,anys,,,,,,,,,,,,,,,,,,año,,,,,,,,,,,,,,,,,,,,,,,,שנה,,,,,,,,,,,,,,,,,,,,,,,,,,,,,,,,,,,,,,,,,,,,,,,,,,,,jaar,,,,,,,,,,,,год,,,,,,,,,,,,,,,,,,år,,,,,,,,,,,,,,,,,,,,,,,,,,,,,,,,,,,,,
years,Noun,,,,jare,,,,,,,,,,,,,,,,anys,,,,,,,,,,,,,,,,,,año,,,,,,,,,,,,,,,,,,,,,,,,שנים,,,,,,,,,,,,,,,,,,,,,,,,,,,,,,,,,,,,,,,,,,,,,,,,,,,,jaren,,,,,,,,,,,,,,,,,,,,,,,,,,,,,,år,,,,,,,,,,,,,,,,,,,,,,,,,,,,,,,,,,,,,
​show,Verb,,,,,,,,,,,,,,,,,,,,,,,,,,,,,,,,,,,,,,,,,,,,,,,,,,,,,,,,,,,,,,,,,,,,,,,,,,,,,,,,,,,,,,,,,,,,,,,,,,,,,,,,,,,,,,,,,,,,,,,,,,,,,,,,,,,,,,,,,,,,,,,,,,,,,,,,,,,,,,,,,,,,,,,,,,,,,,,,,,,,,
